GEO.id,GEO.id2,GEO.display-label,rescen42010,resbase42010,respop72010,respop72011,respop72012,respop72013,respop72014,respop72015,respop72016,respop72017
Id,Id2,Geography,"April 1, 2010 - Census","April 1, 2010 - Estimates Base",Population Estimate (as of July 1) - 2010,Population Estimate (as of July 1) - 2011,Population Estimate (as of July 1) - 2012,Population Estimate (as of July 1) - 2013,Population Estimate (as of July 1) - 2014,Population Estimate (as of July 1) - 2015,Population Estimate (as of July 1) - 2016,Population Estimate (as of July 1) - 2017
310M300US10180,10180,"Abilene, TX Metro Area",165252,165248,165583,166633,167452,167426,168143,169478,169733,170219
310M300US10380,10380,"Aguadilla-Isabela, PR Metro Area",339441,339465,338935,335104,330765,326663,321434,315575,309215,302615
310M300US10420,10420,"Akron, OH Metro Area",703200,703203,703037,703152,702066,703085,704311,703530,702556,703505
310M300US10500,10500,"Albany, GA Metro Area",157308,157500,157596,157875,157369,156025,155293,153686,152440,151434
310M300US10540,10540,"Albany, OR Metro Area",116672,116672,116878,118112,118242,118388,119025,120210,122700,125047
310M300US10580,10580,"Albany-Schenectady-Troy, NY Metro Area",870716,870720,871159,873206,875586,878628,880140,881551,882801,886188
310M300US10740,10740,"Albuquerque, NM Metro Area",887077,887061,889570,896838,900368,902083,902069,903489,906877,910726
310M300US10780,10780,"Alexandria, LA Metro Area",153922,153922,154107,154374,154436,154639,154633,154272,154394,153984
310M300US10900,10900,"Allentown-Bethlehem-Easton, PA-NJ Metro Area",821173,821272,821963,824980,826634,826533,829625,832011,835233,840550
310M300US11020,11020,"Altoona, PA Metro Area",127089,127076,127030,126989,126593,125977,125502,124818,123927,123457
310M300US11100,11100,"Amarillo, TX Metro Area",251933,251933,252674,255992,257777,258847,260662,261508,263036,264925
310M300US11180,11180,"Ames, IA Metro Area",89542,89542,89627,90797,91730,93462,95310,96348,96816,97502
310M300US11260,11260,"Anchorage, AK Metro Area",380821,380821,383108,388012,392201,396934,398400,399082,401499,400888
310M300US11460,11460,"Ann Arbor, MI Metro Area",344791,345066,345515,349102,351333,354714,358635,361815,364752,367627
310M300US11500,11500,"Anniston-Oxford-Jacksonville, AL Metro Area",118572,118586,118466,117785,117219,116482,115941,115505,114980,114728
310M300US11540,11540,"Appleton, WI Metro Area",225666,225666,225940,227552,228676,229973,231595,233131,234302,236126
310M300US11640,11640,"Arecibo, PR Metro Area",199471,199471,199220,197385,195505,194020,191132,188275,184987,181643
310M300US11700,11700,"Asheville, NC Metro Area",424858,424856,425340,428230,431145,436077,440039,444952,450914,456145
310M300US12020,12020,"Athens-Clarke County, GA Metro Area",192541,192564,193446,194508,196169,197731,198650,202824,205421,209271
310M300US12060,12060,"Atlanta-Sandy Springs-Roswell, GA Metro Area",5286728,5286743,5303327,5373016,5451561,5517034,5605117,5702331,5795723,5884736
310M300US12100,12100,"Atlantic City-Hammonton, NJ Metro Area",274549,274540,274761,275107,275732,275954,274842,273088,270830,269918
310M300US12220,12220,"Auburn-Opelika, AL Metro Area",140247,140296,140806,144117,148318,151445,154211,156740,158983,161604
310M300US12260,12260,"Augusta-Richmond County, GA-SC Metro Area",564873,564873,566492,570777,576149,579670,583198,589688,594889,600151
310M300US12420,12420,"Austin-Round Rock, TX Metro Area",1716289,1716320,1727495,1780610,1834566,1883528,1942255,2000784,2060558,2115827
310M300US12540,12540,"Bakersfield, CA Metro Area",839631,839621,841116,848767,855237,864014,871895,879607,885086,893119
310M300US12580,12580,"Baltimore-Columbia-Towson, MD Metro Area",2710489,2710603,2715503,2734969,2756285,2771586,2784424,2795036,2801028,2808175
310M300US12620,12620,"Bangor, ME Metro Area",153923,153920,153841,153713,153372,153075,152941,151934,151515,151957
310M300US12700,12700,"Barnstable Town, MA Metro Area",215888,215868,215877,215340,214787,214566,214279,213773,213440,213444
310M300US12940,12940,"Baton Rouge, LA Metro Area",802484,802500,804359,808105,813476,819304,824923,829719,835596,834159
310M300US12980,12980,"Battle Creek, MI Metro Area",136146,136148,135941,135039,134605,134572,134602,134154,134178,134128
310M300US13020,13020,"Bay City, MI Metro Area",107771,107771,107676,107382,106930,106761,106025,105244,104481,104239
310M300US13140,13140,"Beaumont-Port Arthur, TX Metro Area",403190,403194,403697,405356,403895,405471,405754,408744,410909,412437
310M300US13220,13220,"Beckley, WV Metro Area",124898,124913,124959,125183,125014,124277,123291,122022,120361,118543
310M300US13380,13380,"Bellingham, WA Metro Area",201140,201145,201520,203447,204878,206189,208112,211713,216274,221404
310M300US13460,13460,"Bend-Redmond, OR Metro Area",157733,157733,157740,159605,161343,165270,169497,174288,180675,186875
310M300US13740,13740,"Billings, MT Metro Area",158934,158934,159297,160622,162568,164783,166360,167531,168961,170498
310M300US13780,13780,"Binghamton, NY Metro Area",251725,251737,251519,250321,249064,248323,247469,245615,243608,242217
310M300US13820,13820,"Birmingham-Hoover, AL Metro Area",1128047,1128056,1128791,1130457,1133409,1138173,1141099,1144518,1146888,1149807
310M300US13900,13900,"Bismarck, ND Metro Area",114778,114778,115253,117318,120233,123885,126704,129583,131397,132142
310M300US13980,13980,"Blacksburg-Christiansburg-Radford, VA Metro Area",178237,178253,178530,178949,179572,180862,181357,181464,182635,182993
310M300US14010,14010,"Bloomington, IL Metro Area",186133,186133,186398,187325,189016,191110,189944,188905,188847,188232
310M300US14020,14020,"Bloomington, IN Metro Area",159549,159541,160086,161603,162653,163039,164434,165056,166614,167825
310M300US14100,14100,"Bloomsburg-Berwick, PA Metro Area",85562,85563,85655,85415,85458,85563,85484,84950,84382,84204
310M300US14260,14260,"Boise City, ID Metro Area",616561,616568,617980,627349,637354,649140,662625,674310,690810,709845
310M300US14460,14460,"Boston-Cambridge-Newton, MA-NH Metro Area",4552402,4552596,4565220,4608303,4653023,4699912,4741544,4775755,4805942,4836531
310M300US14500,14500,"Boulder, CO Metro Area",294567,294572,295930,300518,305028,309749,312505,317968,321173,322514
310M300US14540,14540,"Bowling Green, KY Metro Area",158599,158599,159309,160913,162296,164246,166221,169108,171839,174835
310M300US14740,14740,"Bremerton-Silverdale, WA Metro Area",251133,251137,251658,254250,254306,252434,253381,259175,263109,266414
310M300US14860,14860,"Bridgeport-Stamford-Norwalk, CT Metro Area",916829,916846,919749,929398,936345,942865,946547,948116,949191,949921
310M300US15180,15180,"Brownsville-Harlingen, TX Metro Area",406220,406219,407590,412917,415370,417095,418838,419579,421766,423725
310M300US15260,15260,"Brunswick, GA Metro Area",112370,112368,112530,112945,113361,113860,114735,116020,116955,118119
310M300US15380,15380,"Buffalo-Cheektowaga-Niagara Falls, NY Metro Area",1135509,1135617,1135710,1136059,1135717,1136993,1137924,1136662,1134914,1136856
310M300US15500,15500,"Burlington, NC Metro Area",151131,151198,151490,152857,153471,154417,155698,157389,159325,162391
310M300US15540,15540,"Burlington-South Burlington, VT Metro Area",211261,211262,211514,212774,213744,214940,216182,216812,217429,218395
310M300US15680,15680,"California-Lexington Park, MD Metro Area",105151,105148,105764,107585,108831,109275,110016,111100,111835,112667
310M300US15940,15940,"Canton-Massillon, OH Metro Area",404422,404428,404214,403291,403403,403281,403680,402435,401165,399927
310M300US15980,15980,"Cape Coral-Fort Myers, FL Metro Area",618754,618754,620467,631077,644580,660431,678241,700421,722506,739224
310M300US16020,16020,"Cape Girardeau, MO-IL Metro Area",96275,96275,96448,96937,97193,97187,97396,97231,97085,96782
310M300US16060,16060,"Carbondale-Marion, IL Metro Area",126575,126580,126813,127041,125752,127067,126712,126896,126672,125612
310M300US16180,16180,"Carson City, NV Metro Area",55274,55274,54988,54703,54362,53791,54155,54123,54283,54745
310M300US16220,16220,"Casper, WY Metro Area",75450,75450,75456,76421,78583,81101,81439,82134,80892,79547
310M300US16300,16300,"Cedar Rapids, IA Metro Area",257940,257941,258395,260796,261740,262449,263963,265984,267925,270293
310M300US16540,16540,"Chambersburg-Waynesboro, PA Metro Area",149618,149618,149930,150952,151477,151855,152459,152903,153564,154234
310M300US16580,16580,"Champaign-Urbana, IL Metro Area",231891,231889,232333,233391,234478,235731,237028,238228,239135,239124
310M300US16620,16620,"Charleston, WV Metro Area",227078,227061,226901,225823,225696,224644,222802,220236,217735,214406
310M300US16700,16700,"Charleston-North Charleston, SC Metro Area",664607,664644,667466,681261,696993,711407,726770,745061,761904,775831
310M300US16740,16740,"Charlotte-Concord-Gastonia, NC-SC Metro Area",2217012,2216992,2223196,2256180,2293822,2334036,2376148,2424115,2475519,2525305
310M300US16820,16820,"Charlottesville, VA Metro Area",218705,218707,219025,220947,222649,224057,226297,228818,231160,233793
310M300US16860,16860,"Chattanooga, TN-GA Metro Area",528143,528152,529196,533540,538108,542036,544017,547232,551957,556548
310M300US16940,16940,"Cheyenne, WY Metro Area",91738,91881,92219,92587,94704,95731,96123,97005,97968,98327
310M300US16980,16980,"Chicago-Naperville-Elgin, IL-IN-WI Metro Area",9461105,9461541,9471312,9497177,9525765,9548402,9560874,9557503,9546326,9533040
310M300US17020,17020,"Chico, CA Metro Area",220000,220002,219957,220003,220969,221768,223629,224818,226525,229294
310M300US17140,17140,"Cincinnati, OH-KY-IN Metro Area",2114580,2114686,2117729,2122544,2128106,2136269,2146562,2155674,2166029,2179082
310M300US17300,17300,"Clarksville, TN-KY Metro Area",260625,260635,261619,264163,274004,272031,276442,279865,280843,285042
310M300US17420,17420,"Cleveland, TN Metro Area",115788,115758,115913,116583,117674,118383,119501,120565,121177,122317
310M300US17460,17460,"Cleveland-Elyria, OH Metro Area",2077240,2077271,2075557,2068991,2064711,2065844,2066227,2062842,2060065,2058844
310M300US17660,17660,"Coeur d'Alene, ID Metro Area",138494,138464,138856,140881,142071,143887,146556,149414,153144,157637
310M300US17780,17780,"College Station-Bryan, TX Metro Area",228660,228668,229449,231451,234126,237820,242533,250138,254230,258044
310M300US17820,17820,"Colorado Springs, CO Metro Area",645613,645615,650299,659959,668271,677296,685223,695830,710746,723878
310M300US17860,17860,"Columbia, MO Metro Area",162642,162643,163168,166019,168674,170937,172787,174395,176555,178271
310M300US17900,17900,"Columbia, SC Metro Area",767598,767476,769685,776454,783462,791164,799106,809147,817443,825033
310M300US17980,17980,"Columbus, GA-AL Metro Area",294865,295531,296507,302453,310072,315784,313038,310545,306712,303811
310M300US18020,18020,"Columbus, IN Metro Area",76794,76786,76809,77579,78914,79572,80350,81286,81873,82040
310M300US18140,18140,"Columbus, OH Metro Area",1901974,1902001,1906365,1926142,1946644,1971120,1998460,2023198,2046977,2078725
310M300US18580,18580,"Corpus Christi, TX Metro Area",428185,428188,427872,430908,436575,442812,447671,452355,454066,454008
310M300US18700,18700,"Corvallis, OR Metro Area",85579,85592,85561,85976,86368,85934,86956,88106,89296,90951
310M300US18880,18880,"Crestview-Fort Walton Beach-Destin, FL Metro Area",235865,235865,235927,238668,246972,251914,255831,260796,265355,271346
310M300US19060,19060,"Cumberland, MD-WV Metro Area",103299,103261,103161,102615,101821,101268,100576,99864,99516,98837
310M300US19100,19100,"Dallas-Fort Worth-Arlington, TX Metro Area",6426214,6426231,6451833,6571537,6706020,6817243,6950715,7101031,7253424,7399662
310M300US19140,19140,"Dalton, GA Metro Area",142227,142227,142315,142466,142528,142233,142767,143523,144074,144440
310M300US19180,19180,"Danville, IL Metro Area",81625,81625,81639,81399,80823,80578,79800,79187,78560,77909
310M300US19300,19300,"Daphne-Fairhope-Foley, AL Metro Area",182265,182265,183110,186534,190048,194736,199064,202863,207509,212628
310M300US19340,19340,"Davenport-Moline-Rock Island, IA-IL Metro Area",379690,379689,379741,380509,382269,383597,383814,383365,382671,382263
310M300US19380,19380,"Dayton, OH Metro Area",799232,799251,799639,800690,801382,800609,800264,799293,800886,803416
310M300US19460,19460,"Decatur, AL Metro Area",153829,153825,153949,154054,153880,153114,152856,152336,152051,151867
310M300US19500,19500,"Decatur, IL Metro Area",110768,110768,110777,110649,110105,109533,108529,107419,106651,105801
310M300US19660,19660,"Deltona-Daytona Beach-Ormond Beach, FL Metro Area",590289,590294,590515,591964,595246,600681,609394,622251,636843,649202
310M300US19740,19740,"Denver-Aurora-Lakewood, CO Metro Area",2543482,2543592,2554399,2599629,2646151,2696308,2749827,2807211,2851848,2888227
310M300US19780,19780,"Des Moines-West Des Moines, IA Metro Area",569633,569633,571967,580961,589758,600366,611977,622566,634740,645911
310M300US19820,19820,"Detroit-Warren-Dearborn, MI Metro Area",4296250,4296317,4291287,4288618,4295646,4298541,4303366,4302282,4305869,4313002
310M300US20020,20020,"Dothan, AL Metro Area",145639,145643,145870,146604,147447,147439,147826,147990,147781,147914
310M300US20100,20100,"Dover, DE Metro Area",162310,162349,162973,165149,167442,169150,171664,173332,174754,176824
310M300US20220,20220,"Dubuque, IA Metro Area",93653,93653,93930,94599,95128,95888,96408,96813,96704,97041
310M300US20260,20260,"Duluth, MN-WI Metro Area",279771,279771,279677,279753,279339,279439,279651,279197,278954,278782
310M300US20500,20500,"Durham-Chapel Hill, NC Metro Area",504357,506623,508532,515514,524708,532944,541769,550346,558920,567428
310M300US20700,20700,"East Stroudsburg, PA Metro Area",169842,169838,169876,169961,168775,167588,167547,166835,166516,168046
310M300US20740,20740,"Eau Claire, WI Metro Area",161151,161390,161658,162881,163889,164795,164981,165455,166452,167484
310M300US20940,20940,"El Centro, CA Metro Area",174528,174528,174778,176157,177241,177267,178868,179839,180980,182830
310M300US21060,21060,"Elizabethtown-Fort Knox, KY Metro Area",148338,148351,149853,151319,151500,152155,151646,148095,148940,150430
310M300US21140,21140,"Elkhart-Goshen, IN Metro Area",197559,197561,197452,198383,199084,200366,201673,203401,204146,205032
310M300US21300,21300,"Elmira, NY Metro Area",88830,88841,88985,88983,89197,88374,87414,87030,86040,85557
310M300US21340,21340,"El Paso, TX Metro Area",804123,804123,806983,822747,834478,833522,836753,836326,841220,844818
310M300US21420,21420,"Enid, OK Metro Area",60580,60580,60736,60664,61270,62272,62704,63163,62384,61581
310M300US21500,21500,"Erie, PA Metro Area",280566,280564,280775,281288,281503,280647,279351,278111,276321,274541
310M300US21660,21660,"Eugene, OR Metro Area",351715,351713,351880,353419,354486,355041,357564,361721,368283,374748
310M300US21780,21780,"Evansville, IN-KY Metro Area",311552,311554,311787,312631,313452,314454,315055,315439,315700,315669
310M300US21820,21820,"Fairbanks, AK Metro Area",97581,97585,98276,98136,100354,100898,99308,99643,100602,99703
310M300US22020,22020,"Fargo, ND-MN Metro Area",208777,208777,209350,212706,216972,223477,227998,232987,237483,241356
310M300US22140,22140,"Farmington, NM Metro Area",130044,130045,130205,129649,129677,129324,128958,128125,127772,126926
310M300US22180,22180,"Fayetteville, NC Metro Area",366383,366322,374710,380366,380740,384464,384360,384554,386646,386662
310M300US22220,22220,"Fayetteville-Springdale-Rogers, AR-MO Metro Area",463204,463210,465290,475098,484093,492739,502187,513262,525176,537463
310M300US22380,22380,"Flagstaff, AZ Metro Area",134421,134435,134612,134181,136002,136448,137209,138682,140079,140776
310M300US22420,22420,"Flint, MI Metro Area",425790,425788,424938,421901,418054,415489,412673,410249,408607,407385
310M300US22500,22500,"Florence, SC Metro Area",205566,205571,205667,205822,206146,206066,206525,206307,205818,205831
310M300US22520,22520,"Florence-Muscle Shoals, AL Metro Area",147137,147137,147260,147137,147221,147216,147444,146780,146646,147038
310M300US22540,22540,"Fond du Lac, WI Metro Area",101633,101630,101585,101841,101823,101783,101952,101916,102210,102548
310M300US22660,22660,"Fort Collins, CO Metro Area",299630,299628,300427,305027,310521,315859,323673,332840,338531,343976
310M300US22900,22900,"Fort Smith, AR-OK Metro Area",280467,280538,280686,281216,281027,280156,279858,280393,281032,282086
310M300US23060,23060,"Fort Wayne, IN Metro Area",416257,416254,416927,419867,421669,424155,426321,428909,431296,434617
310M300US23420,23420,"Fresno, CA Metro Area",930450,930495,932218,940360,946851,953787,963170,972333,979534,989255
310M300US23460,23460,"Gadsden, AL Metro Area",104430,104427,104457,104354,104257,103865,103374,102942,102726,102755
310M300US23540,23540,"Gainesville, FL Metro Area",264275,264276,264607,266825,268543,269608,272745,276689,281551,284687
310M300US23580,23580,"Gainesville, GA Metro Area",179684,179697,180059,182467,184401,186765,189480,192506,196237,199335
310M300US23900,23900,"Gettysburg, PA Metro Area",101407,101417,101464,101460,101228,101059,101231,101637,101684,102336
310M300US24020,24020,"Glens Falls, NY Metro Area",128923,128936,129008,128803,128405,127862,127379,126701,126325,126152
310M300US24140,24140,"Goldsboro, NC Metro Area",122623,122646,122864,124080,124547,124715,124664,124454,124476,124172
310M300US24220,24220,"Grand Forks, ND-MN Metro Area",98461,98464,98592,98061,99047,100712,101295,101819,102231,102414
310M300US24260,24260,"Grand Island, NE Metro Area",81850,81850,82061,82675,83365,83899,84442,84626,84968,85045
310M300US24300,24300,"Grand Junction, CO Metro Area",146723,146717,146424,147276,147406,147250,147215,148116,149794,151616
310M300US24340,24340,"Grand Rapids-Wyoming, MI Metro Area",988938,988940,989416,997100,1007613,1019146,1029762,1039064,1048826,1059113
310M300US24420,24420,"Grants Pass, OR Metro Area",82713,82713,82866,82666,82732,83108,83350,84422,85338,86352
310M300US24500,24500,"Great Falls, MT Metro Area",81327,81324,81491,81674,81596,82119,81991,81829,81488,81654
310M300US24540,24540,"Greeley, CO Metro Area",252825,252839,254182,258528,263754,269804,275584,284382,294243,304633
310M300US24580,24580,"Green Bay, WI Metro Area",306241,306241,306750,308651,310682,312000,314054,315687,317441,320050
310M300US24660,24660,"Greensboro-High Point, NC Metro Area",723801,723850,725174,730431,735879,741089,746975,752140,756564,761184
310M300US24780,24780,"Greenville, NC Metro Area",168148,168166,168843,170806,173023,174434,175079,176237,177627,179042
310M300US24860,24860,"Greenville-Anderson-Mauldin, SC Metro Area",824112,824109,825762,833632,841312,848866,860506,872507,884512,895923
310M300US25020,25020,"Guayama, PR Metro Area",84214,84196,84080,82827,81939,81445,80262,78980,77630,76166
310M300US25060,25060,"Gulfport-Biloxi-Pascagoula, MS Metro Area",370702,370787,371367,375571,378568,381800,385531,388012,390836,394232
310M300US25180,25180,"Hagerstown-Martinsburg, MD-WV Metro Area",251599,251602,252341,254363,255881,257380,259123,260695,263080,265498
310M300US25220,25220,"Hammond, LA Metro Area",121097,121101,121485,122629,123637,125443,126954,128735,130623,132497
310M300US25260,25260,"Hanford-Corcoran, CA Metro Area",152982,152982,152404,152030,151265,150675,149862,150482,149797,150101
310M300US25420,25420,"Harrisburg-Carlisle, PA Metro Area",549475,549473,550108,552121,555085,558323,561510,565301,568008,571903
310M300US25500,25500,"Harrisonburg, VA Metro Area",125228,125223,125416,126847,128481,129052,130532,131319,133241,134442
310M300US25540,25540,"Hartford-West Hartford-East Hartford, CT Metro Area",1212381,1212398,1214343,1217106,1216064,1216966,1215275,1213041,1210075,1210259
310M300US25620,25620,"Hattiesburg, MS Metro Area",142842,142857,143289,145256,146520,147718,147919,148538,148943,148877
310M300US25860,25860,"Hickory-Lenoir-Morganton, NC Metro Area",365497,365835,365602,364536,363606,363413,362725,363044,364506,366534
310M300US25940,25940,"Hilton Head Island-Bluffton-Beaufort, SC Metro Area",187010,187010,187776,189211,193299,197536,201995,207501,211568,215302
310M300US25980,25980,"Hinesville, GA Metro Area",77917,77919,77334,80297,80459,78900,81212,79385,79984,80400
310M300US26140,26140,"Homosassa Springs, FL Metro Area",141236,141236,141178,139765,139198,138865,138920,140443,142990,145647
310M300US26300,26300,"Hot Springs, AR Metro Area",96024,96011,96077,96834,96969,97627,97720,97734,98231,98658
310M300US26380,26380,"Houma-Thibodaux, LA Metro Area",208178,208183,208251,208604,208897,209938,211413,212291,211740,210512
310M300US26420,26420,"Houston-The Woodlands-Sugar Land, TX Metro Area",5920416,5920486,5947419,6057947,6183726,6329553,6496862,6664187,6798010,6892427
310M300US26580,26580,"Huntington-Ashland, WV-KY-OH Metro Area",364908,364928,365040,364927,364794,363889,362837,360957,358857,356474
310M300US26620,26620,"Huntsville, AL Metro Area",417593,417593,419279,425049,429876,435275,440212,444373,449232,455448
310M300US26820,26820,"Idaho Falls, ID Metro Area",133265,133333,133813,134926,136153,136807,137815,139464,142405,145643
310M300US26900,26900,"Indianapolis-Carmel-Anderson, IN Metro Area",1887877,1888090,1892470,1910429,1928986,1953213,1970850,1986872,2005612,2028614
310M300US26980,26980,"Iowa City, IA Metro Area",152586,152586,152983,155493,158686,161594,164117,166655,168742,171491
310M300US27060,27060,"Ithaca, NY Metro Area",101564,101594,101764,101987,103067,104143,104286,104283,104561,104802
310M300US27100,27100,"Jackson, MI Metro Area",160248,160248,160119,159625,159908,159558,159343,159191,158215,158640
310M300US27140,27140,"Jackson, MS Metro Area",567122,567645,568849,574014,576440,577229,578559,578766,579558,578715
310M300US27180,27180,"Jackson, TN Metro Area",130011,130018,130031,129714,130155,130376,129810,129184,129083,129235
310M300US27260,27260,"Jacksonville, FL Metro Area",1345596,1345598,1348910,1361962,1378059,1394206,1417740,1445986,1476503,1504980
310M300US27340,27340,"Jacksonville, NC Metro Area",177772,177799,186889,185013,190719,192377,191866,193088,192199,193893
310M300US27500,27500,"Janesville-Beloit, WI Metro Area",160331,160331,160263,159882,160092,160373,160970,161059,161421,162309
310M300US27620,27620,"Jefferson City, MO Metro Area",149807,149805,149974,150340,150351,150650,150751,150958,151455,151465
310M300US27740,27740,"Johnson City, TN Metro Area",198716,198755,199010,199499,200256,200313,199911,200217,201343,202053
310M300US27780,27780,"Johnstown, PA Metro Area",143679,143674,143452,142561,141518,138749,137386,135854,134313,133054
310M300US27860,27860,"Jonesboro, AR Metro Area",121026,121026,121255,122750,124136,125685,126670,128307,129789,131269
310M300US27900,27900,"Joplin, MO Metro Area",175518,175516,175835,176638,174368,175140,175894,176733,177517,178507
310M300US27980,27980,"Kahului-Wailuku-Lahaina, HI Metro Area",154924,154925,155078,156928,158782,161095,163509,164477,165472,166348
310M300US28020,28020,"Kalamazoo-Portage, MI Metro Area",326589,326590,326865,328352,330308,332184,333779,334538,336257,338338
310M300US28100,28100,"Kankakee, IL Metro Area",113449,113449,113418,113477,112952,112207,111384,110756,110053,109605
310M300US28140,28140,"Kansas City, MO-KS Metro Area",2009342,2009338,2013412,2024880,2038501,2054039,2069602,2085221,2106382,2128912
310M300US28420,28420,"Kennewick-Richland, WA Metro Area",253340,253334,255553,263522,268235,270980,274207,278980,283799,290296
310M300US28660,28660,"Killeen-Temple, TX Metro Area",405300,405310,408277,412376,423529,424069,426600,432741,436803,443773
310M300US28700,28700,"Kingsport-Bristol-Bristol, TN-VA Metro Area",309544,309512,309494,308993,308555,307793,307203,306182,305893,306659
310M300US28740,28740,"Kingston, NY Metro Area",182493,182512,182428,182516,181689,180965,180763,179952,179546,179417
310M300US28940,28940,"Knoxville, TN Metro Area",837571,837675,838748,843001,847269,851377,855695,860398,867870,877104
310M300US29020,29020,"Kokomo, IN Metro Area",82752,82752,82750,82775,82807,82707,82563,82314,82339,82363
310M300US29100,29100,"La Crosse-Onalaska, WI-MN Metro Area",133665,133665,133903,134094,135298,135618,136108,136354,136442,136934
310M300US29180,29180,"Lafayette, LA Metro Area",466750,466744,467661,470693,474293,479811,485104,490041,491646,491558
310M300US29200,29200,"Lafayette-West Lafayette, IN Metro Area",201789,201798,202105,204455,207365,210227,212381,214657,217296,219239
310M300US29340,29340,"Lake Charles, LA Metro Area",199607,199629,199943,200475,201126,202209,203356,205357,207518,209357
310M300US29420,29420,"Lake Havasu City-Kingman, AZ Metro Area",200186,200185,200315,202733,203262,203026,203320,204524,205385,207200
310M300US29460,29460,"Lakeland-Winter Haven, FL Metro Area",602095,602095,603135,609924,615639,622981,635152,649644,667018,686483
310M300US29540,29540,"Lancaster, PA Metro Area",519445,519447,520307,523786,526870,530149,533746,536534,539137,542903
310M300US29620,29620,"Lansing-East Lansing, MI Metro Area",464036,464032,464189,465984,466660,467828,469585,471076,474310,477656
310M300US29700,29700,"Laredo, TX Metro Area",250304,250304,251327,255598,259964,263962,267168,269795,272401,274794
310M300US29740,29740,"Las Cruces, NM Metro Area",209233,209222,210114,212860,214050,213425,213200,213165,213874,215579
310M300US29820,29820,"Las Vegas-Henderson-Paradise, NV Metro Area",1951269,1951269,1952906,1966521,1996290,2026056,2064991,2110330,2156724,2204079
310M300US29940,29940,"Lawrence, KS Metro Area",110826,110826,111224,112381,113215,114554,116323,117866,119492,120793
310M300US30020,30020,"Lawton, OK Metro Area",130291,130291,131579,132146,132442,130620,130572,129480,127311,127349
310M300US30140,30140,"Lebanon, PA Metro Area",133568,133577,133628,134438,135468,135720,136510,137540,138557,139754
310M300US30300,30300,"Lewiston, ID-WA Metro Area",60888,60893,61044,61388,61400,61915,62017,62109,62406,62920
310M300US30340,30340,"Lewiston-Auburn, ME Metro Area",107702,107702,107690,107395,107495,107271,107290,107104,107269,107651
310M300US30460,30460,"Lexington-Fayette, KY Metro Area",472099,472102,473306,478570,484490,489413,494089,500528,506760,512650
310M300US30620,30620,"Lima, OH Metro Area",106331,106326,106366,105975,105233,105025,104843,104093,103626,103198
310M300US30700,30700,"Lincoln, NE Metro Area",302157,302157,302980,306746,310564,314522,319858,323481,327633,331519
310M300US30780,30780,"Little Rock-North Little Rock-Conway, AR Metro Area",699757,699786,702245,710178,716876,722455,727363,730107,733461,738344
310M300US30860,30860,"Logan, UT-ID Metro Area",125442,125442,126156,127619,128656,129843,130784,132718,135689,138002
310M300US30980,30980,"Longview, TX Metro Area",214369,214384,214731,216016,216693,216265,216445,217162,217314,217481
310M300US31020,31020,"Longview, WA Metro Area",102410,102408,102353,102291,101649,101481,101784,103020,104756,106910
310M300US31080,31080,"Los Angeles-Long Beach-Anaheim, CA Metro Area",12828837,12828961,12841606,12939463,13041538,13132253,13209445,13283824,13328261,13353907
310M300US31140,31140,"Louisville/Jefferson County, KY-IN Metro Area",1235708,1235706,1237565,1244490,1252357,1263269,1270951,1277992,1284848,1293953
310M300US31180,31180,"Lubbock, TX Metro Area",290805,290870,292226,295315,297902,301258,306233,310125,314013,316983
310M300US31340,31340,"Lynchburg, VA Metro Area",252634,252660,253000,254183,255555,256752,257802,259072,260092,261254
310M300US31420,31420,"Macon-Bibb County, GA Metro Area",232293,232286,232223,232728,232823,231290,230547,229919,229163,228914
310M300US31460,31460,"Madera, CA Metro Area",150865,150843,151037,151876,151900,151819,154103,154423,154966,156890
310M300US31540,31540,"Madison, WI Metro Area",605435,605428,606578,613240,619909,626560,632924,639214,647432,654230
310M300US31700,31700,"Manchester-Nashua, NH Metro Area",400721,400717,401038,401829,402715,403371,405062,406009,407718,409697
310M300US31740,31740,"Manhattan, KS Metro Area",92719,92742,93293,95378,99740,99383,99039,99780,98141,98080
310M300US31860,31860,"Mankato-North Mankato, MN Metro Area",96740,96740,96841,97306,97984,97727,98594,99059,99900,100939
310M300US31900,31900,"Mansfield, OH Metro Area",124475,124476,124161,123130,122625,122303,121965,121641,121167,120589
310M300US32420,32420,"Mayagüez, PR Metro Area",106330,106330,106043,104221,102327,100570,98315,96133,93873,91557
310M300US32580,32580,"McAllen-Edinburg-Mission, TX Metro Area",774769,774770,779015,794639,806725,817526,829210,840113,850187,860661
310M300US32780,32780,"Medford, OR Metro Area",203206,203206,203334,204607,205768,207155,209140,211868,214706,217479
310M300US32820,32820,"Memphis, TN-MS-AR Metro Area",1324829,1324827,1326280,1332338,1340171,1340975,1342422,1343439,1345193,1348260
310M300US32900,32900,"Merced, CA Metro Area",255793,255798,256772,259607,261407,262712,265281,267406,268878,272673
310M300US33100,33100,"Miami-Fort Lauderdale-West Palm Beach, FL Metro Area",5564635,5566299,5583888,5696288,5780894,5862992,5943656,6026044,6107433,6158824
310M300US33140,33140,"Michigan City-La Porte, IN Metro Area",111467,111467,111458,111309,111290,111414,111717,110825,110208,110029
310M300US33220,33220,"Midland, MI Metro Area",83629,83629,83653,83759,83650,83549,83421,83630,83433,83411
310M300US33260,33260,"Midland, TX Metro Area",141671,141671,141788,145061,152251,157593,162036,167688,169161,170675
310M300US33340,33340,"Milwaukee-Waukesha-West Allis, WI Metro Area",1555908,1555954,1556675,1561671,1567759,1571740,1575007,1576376,1576143,1576236
310M300US33460,33460,"Minneapolis-St. Paul-Bloomington, MN-WI Metro Area",3348859,3348858,3355196,3388629,3422188,3458299,3493226,3521325,3557276,3600618
310M300US33540,33540,"Missoula, MT Metro Area",109299,109299,109432,110172,111016,111575,112462,113780,115896,117441
310M300US33660,33660,"Mobile, AL Metro Area",412992,413143,413320,413232,413737,413929,414314,414588,414852,413955
310M300US33700,33700,"Modesto, CA Metro Area",514453,514451,515242,518034,521349,524625,529544,535000,541353,547899
310M300US33740,33740,"Monroe, LA Metro Area",176441,176505,176806,177348,177769,178510,178938,179410,179546,178445
310M300US33780,33780,"Monroe, MI Metro Area",152021,152021,151924,151453,150737,150057,149796,149369,149223,149649
310M300US33860,33860,"Montgomery, AL Metro Area",374536,374541,375128,375497,374695,373835,373222,373097,373475,373903
310M300US34060,34060,"Morgantown, WV Metro Area",129709,129709,130340,132329,134378,135566,136871,137745,138482,138709
310M300US34100,34100,"Morristown, TN Metro Area",113951,114193,114219,114692,114914,115102,115336,116371,116874,118081
310M300US34580,34580,"Mount Vernon-Anacortes, WA Metro Area",116901,116896,116951,117578,117733,118295,119907,121414,123390,125619
310M300US34620,34620,"Muncie, IN Metro Area",117671,117669,117647,117844,116950,116764,116448,115811,115483,115184
310M300US34740,34740,"Muskegon, MI Metro Area",172188,172188,171898,169975,170087,172196,172171,172373,173102,173693
310M300US34820,34820,"Myrtle Beach-Conway-North Myrtle Beach, SC-NC Metro Area",376722,376722,378506,385932,393648,404054,416347,431502,447793,464165
310M300US34900,34900,"Napa, CA Metro Area",136484,136530,136794,137905,138876,139978,140918,141507,141649,140973
310M300US34940,34940,"Naples-Immokalee-Marco Island, FL Metro Area",321520,321520,322601,327667,332556,339483,348216,357194,366095,372880
310M300US34980,34980,"Nashville-Davidson--Murfreesboro--Franklin, TN Metro Area",1670890,1670883,1675757,1697833,1726698,1757891,1792756,1829513,1868855,1903045
310M300US35100,35100,"New Bern, NC Metro Area",126802,126812,127421,128185,128430,127206,126852,125564,125281,124864
310M300US35300,35300,"New Haven-Milford, CT Metro Area",862477,862462,863618,864725,865335,864558,864073,861594,859973,860435
310M300US35380,35380,"New Orleans-Metairie, LA Metro Area",1189866,1189859,1195455,1213780,1227902,1241194,1251626,1263526,1271195,1275762
310M300US35620,35620,"New York-Newark-Jersey City, NY-NJ-PA Metro Area",19567410,19566480,19602914,19763868,19897967,20023110,20125350,20215694,20275179,20320876
310M300US35660,35660,"Niles-Benton Harbor, MI Metro Area",156813,156817,156735,156792,156421,155847,155677,154802,154157,154259
310M300US35840,35840,"North Port-Sarasota-Bradenton, FL Metro Area",702281,702313,703383,709806,720659,732386,748180,768207,788442,804690
310M300US35980,35980,"Norwich-New London, CT Metro Area",274055,274059,274036,273226,274280,273388,271864,270266,269307,269033
310M300US36100,36100,"Ocala, FL Metro Area",331298,331301,331344,332307,334004,335274,338368,342757,348139,354353
310M300US36140,36140,"Ocean City, NJ Metro Area",97265,97265,97222,96561,96387,95704,95146,94421,93920,93553
310M300US36220,36220,"Odessa, TX Metro Area",137130,137136,137079,139611,144455,149651,154566,159835,157580,157087
310M300US36260,36260,"Ogden-Clearfield, UT Metro Area",597159,597159,599724,605681,612257,621468,630889,640663,652995,665358
310M300US36420,36420,"Oklahoma City, OK Metro Area",1252987,1252991,1257743,1276130,1297041,1319469,1335736,1356118,1372463,1383737
310M300US36500,36500,"Olympia-Tumwater, WA Metro Area",252264,252260,252954,256241,258421,261798,264969,268148,273923,280588
310M300US36540,36540,"Omaha-Council Bluffs, NE-IA Metro Area",865350,865356,868050,876667,885500,895082,904241,914305,924003,933316
310M300US36740,36740,"Orlando-Kissimmee-Sanford, FL Metro Area",2134411,2134399,2139317,2176424,2227414,2272175,2327929,2391028,2453333,2509831
310M300US36780,36780,"Oshkosh-Neenah, WI Metro Area",166994,166994,167064,167497,168545,169279,169295,169157,169555,170414
310M300US36980,36980,"Owensboro, KY Metro Area",114752,114754,114772,115276,116012,116374,116516,117408,117923,118376
310M300US37100,37100,"Oxnard-Thousand Oaks-Ventura, CA Metro Area",823318,823391,825298,830990,835143,840175,844749,848925,851096,854223
310M300US37340,37340,"Palm Bay-Melbourne-Titusville, FL Metro Area",543376,543378,543976,544439,547293,550754,556277,566822,577899,589162
310M300US37460,37460,"Panama City, FL Metro Area",184715,184715,185031,185281,187524,190509,194227,197124,199092,199723
310M300US37620,37620,"Parkersburg-Vienna, WV Metro Area",92673,92674,92703,92620,92367,92341,92242,92109,91488,90898
310M300US37860,37860,"Pensacola-Ferry Pass-Brent, FL Metro Area",448991,448992,450947,455093,461672,467188,470871,475894,481774,487784
310M300US37900,37900,"Peoria, IL Metro Area",379186,379186,378982,379665,380137,381557,379412,377300,375600,372427
310M300US37980,37980,"Philadelphia-Camden-Wilmington, PA-NJ-DE-MD Metro Area",5965343,5965693,5971189,5996406,6020821,6035329,6053028,6066589,6077152,6096120
310M300US38060,38060,"Phoenix-Mesa-Scottsdale, AZ Metro Area",4192887,4193129,4204148,4247852,4321686,4390565,4470712,4558145,4648498,4737270
310M300US38220,38220,"Pine Bluff, AR Metro Area",100258,100278,100093,99016,97388,95737,94850,93983,92412,90963
310M300US38300,38300,"Pittsburgh, PA Metro Area",2356285,2356291,2356983,2359626,2360263,2359977,2356699,2349139,2341536,2333367
310M300US38340,38340,"Pittsfield, MA Metro Area",131219,131272,131294,130488,130154,129313,128645,127628,126858,126313
310M300US38540,38540,"Pocatello, ID Metro Area",82839,82839,83024,83599,83724,83410,83514,83992,84379,85269
310M300US38660,38660,"Ponce, PR Metro Area",350480,350384,349413,343424,337264,331586,324677,317000,309016,300843
310M300US38860,38860,"Portland-South Portland, ME Metro Area",514098,514102,513879,515929,517872,519999,523049,525492,528261,532083
310M300US38900,38900,"Portland-Vancouver-Hillsboro, OR-WA Metro Area",2226009,2226001,2231876,2258821,2285177,2309289,2342444,2382181,2423102,2453168
310M300US38940,38940,"Port St. Lucie, FL Metro Area",424107,424107,425193,428363,432217,436927,443840,453650,464563,473429
310M300US39140,39140,"Prescott, AZ Metro Area",211033,211015,210969,210883,211809,214198,217509,220621,224363,228168
310M300US39300,39300,"Providence-Warwick, RI-MA Metro Area",1600852,1601210,1602351,1601522,1604011,1605438,1610173,1613155,1615878,1621122
310M300US39340,39340,"Provo-Orem, UT Metro Area",526810,526885,530238,541171,550071,561895,571320,583583,601478,617675
310M300US39380,39380,"Pueblo, CO Metro Area",159063,159063,159463,160171,160735,161070,161419,163043,164834,166475
310M300US39460,39460,"Punta Gorda, FL Metro Area",159978,159968,159869,159881,162833,164830,168336,172824,178157,182033
310M300US39540,39540,"Racine, WI Metro Area",195408,195428,195406,194931,194645,194753,194908,194763,195010,196071
310M300US39580,39580,"Raleigh, NC Metro Area",1130490,1130489,1137393,1163343,1188920,1214464,1242613,1272875,1304896,1335079
310M300US39660,39660,"Rapid City, SD Metro Area",134598,134616,135004,136229,138334,140755,142713,143357,144879,146850
310M300US39740,39740,"Reading, PA Metro Area",411442,411538,411989,412857,413522,414011,414642,415261,415732,417854
310M300US39820,39820,"Redding, CA Metro Area",177223,177223,177284,177595,177917,178445,178983,178472,178774,179921
310M300US39900,39900,"Reno, NV Metro Area",425417,425437,425991,428536,432212,436163,441807,448230,456418,464593
310M300US40060,40060,"Richmond, VA Metro Area",1208101,1208087,1210039,1219241,1233321,1245755,1258597,1270027,1282205,1294204
310M300US40140,40140,"Riverside-San Bernardino-Ontario, CA Metro Area",4224851,4224965,4243235,4298271,4341405,4378138,4425776,4472874,4523653,4580670
310M300US40220,40220,"Roanoke, VA Metro Area",308707,308670,308625,309212,310556,311993,312847,313278,313102,314128
310M300US40340,40340,"Rochester, MN Metro Area",206877,206877,207194,208450,209562,211560,212654,213829,216096,218280
310M300US40380,40380,"Rochester, NY Metro Area",1079671,1079691,1080280,1082275,1082782,1083791,1082785,1080385,1078352,1077948
310M300US40420,40420,"Rockford, IL Metro Area",349431,349431,349194,347701,345803,344671,342412,340725,339650,338291
310M300US40580,40580,"Rocky Mount, NC Metro Area",152392,152374,152407,151808,150901,149899,149147,147699,147301,146738
310M300US40660,40660,"Rome, GA Metro Area",96317,96316,96428,96221,96000,95921,95959,96243,96620,97613
310M300US40900,40900,"Sacramento--Roseville--Arden-Arcade, CA Metro Area",2149127,2149144,2153935,2174008,2192724,2213564,2239455,2266892,2295233,2324884
310M300US40980,40980,"Saginaw, MI Metro Area",200169,200169,199851,198833,198250,196645,195055,193097,192285,191934
310M300US41060,41060,"St. Cloud, MN Metro Area",189093,189093,189210,190064,190553,191592,192958,194951,196039,197759
310M300US41100,41100,"St. George, UT Metro Area",138115,138115,138393,141276,144216,147077,151179,154731,159237,165662
310M300US41140,41140,"St. Joseph, MO-KS Metro Area",127329,127332,127277,127639,127886,127651,127306,126864,126927,126935
310M300US41180,41180,"St. Louis, MO-IL Metro Area",2787701,2787763,2789860,2793774,2796137,2799644,2803901,2807321,2806782,2807338
310M300US41420,41420,"Salem, OR Metro Area",390738,390754,391453,393520,395782,397963,402117,408326,417208,424982
310M300US41500,41500,"Salinas, CA Metro Area",415057,415052,416475,421162,426094,428382,430416,432774,436363,437907
310M300US41540,41540,"Salisbury, MD-DE Metro Area",373802,373764,374823,378331,381524,384965,389391,394393,400025,405853
310M300US41620,41620,"Salt Lake City, UT Metro Area",1087873,1087808,1091460,1107497,1124277,1141470,1152719,1167013,1185978,1203105
310M300US41660,41660,"San Angelo, TX Metro Area",111823,111825,112284,113345,114891,116333,117975,119141,119362,119535
310M300US41700,41700,"San Antonio-New Braunfels, TX Metro Area",2142508,2142516,2152961,2193620,2236395,2279878,2328419,2379054,2426211,2473974
310M300US41740,41740,"San Diego-Carlsbad, CA Metro Area",3095313,3095342,3103793,3139767,3179798,3216522,3256875,3290044,3317200,3337685
310M300US41860,41860,"San Francisco-Oakland-Hayward, CA Metro Area",4335391,4335573,4344810,4399218,4463172,4528717,4595964,4657985,4699077,4727357
310M300US41900,41900,"San Germán, PR Metro Area",137462,137722,137645,136433,135215,133974,132227,130274,128264,126097
310M300US41940,41940,"San Jose-Sunnyvale-Santa Clara, CA Metro Area",1836911,1836940,1842074,1869846,1898569,1928305,1954220,1977584,1990910,1998463
310M300US41980,41980,"San Juan-Carolina-Caguas, PR Metro Area",2350126,2350324,2347897,2322162,2295560,2269880,2233742,2195885,2154815,2112005
310M300US42020,42020,"San Luis Obispo-Paso Robles-Arroyo Grande, CA Metro Area",269637,269591,269819,271150,274378,275973,278534,280402,282282,283405
310M300US42100,42100,"Santa Cruz-Watsonville, CA Metro Area",262382,262366,263216,265103,266794,269395,271529,274299,275196,275897
310M300US42140,42140,"Santa Fe, NM Metro Area",144170,144217,144523,145442,146169,146616,146983,147276,147943,148750
310M300US42200,42200,"Santa Maria-Santa Barbara, CA Metro Area",423895,423949,424338,426058,430827,435980,440628,443927,446296,448150
310M300US42220,42220,"Santa Rosa, CA Metro Area",483878,483870,484827,487822,490740,495007,499563,502096,503833,504217
310M300US42340,42340,"Savannah, GA Metro Area",347611,347598,348687,355839,362109,365438,371950,378664,383785,387543
310M300US42540,42540,"Scranton--Wilkes-Barre--Hazleton, PA Metro Area",563631,563625,563771,563604,563694,561521,560034,557555,555171,555426
310M300US42660,42660,"Seattle-Tacoma-Bellevue, WA Metro Area",3439809,3439806,3448049,3496870,3552220,3610580,3667189,3728606,3802660,3867046
310M300US42680,42680,"Sebastian-Vero Beach, FL Metro Area",138028,138028,138275,139086,140499,141942,144571,147629,151382,154383
310M300US42700,42700,"Sebring, FL Metro Area",98786,98786,98635,98451,98205,98071,98482,99891,101558,102883
310M300US43100,43100,"Sheboygan, WI Metro Area",115507,115510,115517,115218,114794,114720,115017,115261,115127,115344
310M300US43300,43300,"Sherman-Denison, TX Metro Area",120877,120881,121034,121372,121750,122295,123540,125549,128206,131140
310M300US43340,43340,"Shreveport-Bossier City, LA Metro Area",439811,439811,441148,445027,448421,446977,445070,444486,442403,440933
310M300US43420,43420,"Sierra Vista-Douglas, AZ Metro Area",131346,131356,131782,132952,131826,129332,127054,126084,125355,124756
310M300US43580,43580,"Sioux City, IA-NE-SD Metro Area",168563,168563,168834,168892,168544,168481,168452,168634,169049,168618
310M300US43620,43620,"Sioux Falls, SD Metro Area",228261,228260,229123,232305,236948,242227,246657,250469,254372,259094
310M300US43780,43780,"South Bend-Mishawaka, IN-MI Metro Area",319224,319215,319022,318854,318160,318498,319267,319651,320822,321815
310M300US43900,43900,"Spartanburg, SC Metro Area",313268,313269,313673,314862,316589,318651,321197,324532,328751,334391
310M300US44060,44060,"Spokane-Spokane Valley, WA Metro Area",527753,527753,528416,529674,531837,534546,539319,545559,554777,564236
310M300US44100,44100,"Springfield, IL Metro Area",210170,210170,210460,211666,212010,211585,211487,210990,209990,208697
310M300US44140,44140,"Springfield, MA Metro Area",621570,621703,623455,626157,627115,628437,630479,630696,630661,631652
310M300US44180,44180,"Springfield, MO Metro Area",436712,436711,437283,440209,444188,448360,451556,455484,457897,462369
310M300US44220,44220,"Springfield, OH Metro Area",138333,138347,138265,137754,137115,136567,136233,135624,134621,134557
310M300US44300,44300,"State College, PA Metro Area",153990,154030,154280,155039,155909,158298,159637,160553,162083,162660
310M300US44420,44420,"Staunton-Waynesboro, VA Metro Area",118502,118496,118318,118775,118452,119137,119454,119995,120833,121999
310M300US44700,44700,"Stockton-Lodi, CA Metro Area",685306,685308,687291,695071,700958,703747,713452,723846,734294,745424
310M300US44940,44940,"Sumter, SC Metro Area",107456,107463,107586,107291,107908,107784,107702,107276,107287,106847
310M300US45060,45060,"Syracuse, NY Metro Area",662577,662625,663154,662770,661548,662958,661725,659850,656931,654841
310M300US45220,45220,"Tallahassee, FL Metro Area",367413,368770,369339,371194,375272,373212,375532,377947,379047,382627
310M300US45300,45300,"Tampa-St. Petersburg-Clearwater, FL Metro Area",2783243,2783469,2788500,2829142,2847187,2872530,2916839,2973756,3036525,3091399
310M300US45460,45460,"Terre Haute, IN Metro Area",172425,172420,172231,172396,172348,171767,170922,170334,170220,169965
310M300US45500,45500,"Texarkana, TX-AR Metro Area",149198,149195,149324,149602,149684,149653,149519,149739,150185,150355
310M300US45540,45540,"The Villages, FL Metro Area",93420,93420,94279,97976,101698,106942,112334,117210,122121,125165
310M300US45780,45780,"Toledo, OH Metro Area",610001,610002,610003,608736,607400,606981,606000,604781,604591,603668
310M300US45820,45820,"Topeka, KS Metro Area",233870,233866,234274,234648,234383,233812,233646,233345,232948,233149
310M300US45940,45940,"Trenton, NJ Metro Area",366513,367517,367930,368201,370419,372337,372974,373104,373660,374733
310M300US46060,46060,"Tucson, AZ Metro Area",980263,980260,981540,987297,991528,994759,1000916,1005323,1012519,1022769
310M300US46140,46140,"Tulsa, OK Metro Area",937478,937531,939776,945261,952199,961738,969234,980208,987465,990706
310M300US46220,46220,"Tuscaloosa, AL Metro Area",230162,230170,230487,231411,233270,235302,238133,240267,241444,242799
310M300US46340,46340,"Tyler, TX Metro Area",209714,209721,210398,212653,214707,216426,219517,222410,225305,227727
310M300US46520,46520,"Urban Honolulu, HI Metro Area",953207,953209,956193,966514,976299,985734,989438,993716,992761,988650
310M300US46540,46540,"Utica-Rome, NY Metro Area",299397,299348,299257,298724,298207,297672,296636,294702,293752,293572
310M300US46660,46660,"Valdosta, GA Metro Area",139588,139666,140062,142058,144195,143003,143545,143428,144434,145437
310M300US46700,46700,"Vallejo-Fairfield, CA Metro Area",413344,413344,414076,416652,420267,424384,429993,434751,440318,445458
310M300US47020,47020,"Victoria, TX Metro Area",94003,94003,94102,94738,96399,97509,98492,99592,99900,99646
310M300US47220,47220,"Vineland-Bridgeton, NJ Metro Area",156898,156628,156719,157108,157268,156571,156475,155261,153914,152538
310M300US47260,47260,"Virginia Beach-Norfolk-Newport News, VA-NC Metro Area",1676822,1676817,1679945,1686564,1697398,1705320,1714857,1720356,1722766,1725246
310M300US47300,47300,"Visalia-Porterville, CA Metro Area",442179,442178,443060,447358,450779,453663,456452,458601,460835,464493
310M300US47380,47380,"Waco, TX Metro Area",252772,252768,253804,255676,256853,258646,260298,262598,264809,268696
310M300US47460,47460,"Walla Walla, WA Metro Area",62859,62859,63009,63439,63318,63380,63466,63855,63989,64614
310M300US47580,47580,"Warner Robins, GA Metro Area",179605,179605,180472,183502,185443,186394,187533,188044,190068,191779
310M300US47900,47900,"Washington-Arlington-Alexandria, DC-VA-MD-WV Metro Area",5636232,5636361,5665818,5776337,5872227,5962606,6029537,6091560,6150681,6216589
310M300US47940,47940,"Waterloo-Cedar Falls, IA Metro Area",167819,167819,167913,168325,168725,169697,170189,170602,169894,169892
310M300US48060,48060,"Watertown-Fort Drum, NY Metro Area",116229,116232,116601,117806,121449,119219,119044,116301,114084,114187
310M300US48140,48140,"Wausau, WI Metro Area",134063,134063,134047,134353,134397,134928,135215,135394,135195,135732
310M300US48260,48260,"Weirton-Steubenville, WV-OH Metro Area",124454,124455,124326,123449,122651,122110,121463,120621,119242,118250
310M300US48300,48300,"Wenatchee, WA Metro Area",110884,110895,111286,111915,112774,113234,113997,115662,117240,118478
310M300US48540,48540,"Wheeling, WV-OH Metro Area",147950,147951,147901,147213,146477,145894,144906,144077,142871,141254
310M300US48620,48620,"Wichita, KS Metro Area",630919,630924,631789,633118,636015,638177,640429,642782,644680,645628
310M300US48660,48660,"Wichita Falls, TX Metro Area",151306,151476,151643,150276,150982,151380,151782,149979,150326,151230
310M300US48700,48700,"Williamsport, PA Metro Area",116111,116108,116209,116671,117188,116577,116282,115580,114708,113841
310M300US48900,48900,"Wilmington, NC Metro Area",254884,254881,255700,259242,262899,267870,272125,277197,282131,288156
310M300US49020,49020,"Winchester, VA-WV Metro Area",128472,128475,128682,129977,130951,132330,133537,134213,135593,137887
310M300US49180,49180,"Winston-Salem, NC Metro Area",640595,640554,641320,644663,647251,650449,653988,657101,661708,667733
310M300US49340,49340,"Worcester, MA-CT Metro Area",916980,916802,918886,922380,924761,928480,932106,934835,936723,942475
310M300US49420,49420,"Yakima, WA Metro Area",243231,243237,244283,246050,246428,246809,247064,248006,249323,250193
310M300US49620,49620,"York-Hanover, PA Metro Area",434972,434998,435426,436702,437483,438926,440444,441822,443809,446078
310M300US49660,49660,"Youngstown-Warren-Boardman, OH-PA Metro Area",565773,565799,564837,562271,558480,555758,553029,548846,544543,541926
310M300US49700,49700,"Yuba City, CA Metro Area",166892,166889,167115,167071,167174,167861,168625,169725,171243,173679
310M300US49740,49740,"Yuma, AZ Metro Area",195751,195750,197124,202581,202105,201810,203039,203558,205463,207534
