GEO.id,GEO.id2,GEO.display-label,rescen42010,resbase42010,respop72010,respop72011,respop72012,respop72013,respop72014,respop72015,respop72016,respop72017,respop72018
Id,Id2,Geography,"April 1, 2010 - Census","April 1, 2010 - Estimates Base",Population Estimate (as of July 1) - 2010,Population Estimate (as of July 1) - 2011,Population Estimate (as of July 1) - 2012,Population Estimate (as of July 1) - 2013,Population Estimate (as of July 1) - 2014,Population Estimate (as of July 1) - 2015,Population Estimate (as of July 1) - 2016,Population Estimate (as of July 1) - 2017,Population Estimate (as of July 1) - 2018
310M400US10100,10100,"Aberdeen, SD Micro Area",40602,40603,40717,40962,41576,42155,42220,42404,42849,43235,43191
310M400US10140,10140,"Aberdeen, WA Micro Area",72797,72798,72843,72357,71770,71046,70783,71027,71572,72553,73901
310M400US10220,10220,"Ada, OK Micro Area",37492,37490,37599,37760,38080,38178,38308,38354,38525,38354,38247
310M400US10260,10260,"Adjuntas, PR Micro Area",19483,19483,19472,19297,19116,19021,18795,18567,18306,17935,17302
310M400US10300,10300,"Adrian, MI Micro Area",99892,99892,99635,99337,99004,98803,98737,98385,98499,98482,98266
310M400US10460,10460,"Alamogordo, NM Micro Area",63797,63832,64399,65644,66226,66326,65362,64739,65644,66198,66781
310M400US10620,10620,"Albemarle, NC Micro Area",60585,60586,60576,60520,60456,60631,60619,60635,60792,61451,62075
310M400US10660,10660,"Albert Lea, MN Micro Area",31255,31254,31204,31065,31023,30922,30742,30496,30409,30537,30444
310M400US10700,10700,"Albertville, AL Micro Area",93019,93019,93124,93892,94268,94370,94277,94606,95123,95609,96109
310M400US10760,10760,"Alexander City, AL Micro Area",41616,41618,41476,41397,41044,41028,40887,40611,40570,40613,40497
310M400US10820,10820,"Alexandria, MN Micro Area",36009,36009,35987,36175,36287,36343,36568,36782,37147,37556,37964
310M400US10860,10860,"Alice, TX Micro Area",40838,40836,40885,41211,41644,41679,41503,41526,41181,40930,40822
310M400US10940,10940,"Alma, MI Micro Area",42476,42476,42431,42112,41978,41931,41462,41319,40943,41011,40599
310M400US10980,10980,"Alpena, MI Micro Area",29598,29601,29517,29344,29172,28965,28887,28719,28656,28438,28360
310M400US11060,11060,"Altus, OK Micro Area",26446,26446,26483,26420,26229,26112,25826,25467,25466,25213,24949
310M400US11140,11140,"Americus, GA Micro Area",37829,37827,37700,37109,36608,36432,36356,35891,35529,35071,34969
310M400US11220,11220,"Amsterdam, NY Micro Area",50219,50258,50300,49901,49822,49738,49673,49579,49206,49216,49455
310M400US11380,11380,"Andrews, TX Micro Area",14786,14786,14849,15388,16113,16788,17445,18083,17805,17631,18128
310M400US11420,11420,"Angola, IN Micro Area",34185,34173,34136,34091,34182,34397,34517,34491,34354,34421,34586
310M400US11580,11580,"Arcadia, FL Micro Area",34862,34862,34933,34841,35006,34905,35344,35650,36261,37252,37489
310M400US11620,11620,"Ardmore, OK Micro Area",47557,47733,47808,48054,48016,48461,48581,48556,48421,48295,48177
310M400US11660,11660,"Arkadelphia, AR Micro Area",22995,22993,22927,22927,22759,22588,22565,22517,22600,22180,22061
310M400US11680,11680,"Arkansas City-Winfield, KS Micro Area",36311,36309,36312,36242,36263,36164,35889,35773,35717,35356,35218
310M400US11740,11740,"Ashland, OH Micro Area",53139,53140,53323,53247,53237,53152,53158,53289,53506,53685,53745
310M400US11780,11780,"Ashtabula, OH Micro Area",101497,101490,101402,101070,100236,99732,99017,98372,98108,97692,97493
310M400US11820,11820,"Astoria, OR Micro Area",37039,37026,37086,37220,37408,37105,37440,37800,38686,39119,39764
310M400US11860,11860,"Atchison, KS Micro Area",16924,16921,16857,16754,16775,16690,16524,16419,16376,16301,16193
310M400US11900,11900,"Athens, OH Micro Area",64757,64764,65175,65070,64603,64584,64778,65948,66470,66664,65818
310M400US11940,11940,"Athens, TN Micro Area",52266,52279,52169,52319,52376,52345,52555,52469,52660,52895,53285
310M400US11980,11980,"Athens, TX Micro Area",78532,78534,78622,78792,78951,78639,79302,79507,80129,81061,82299
310M400US12120,12120,"Atmore, AL Micro Area",38319,38320,38344,38201,38023,37763,37738,37665,37488,36999,36748
310M400US12140,12140,"Auburn, IN Micro Area",42223,42229,42309,42462,42297,42339,42398,42460,42612,42822,43226
310M400US12180,12180,"Auburn, NY Micro Area",80026,80017,79901,79693,79509,79090,78768,78300,77666,77463,77145
310M400US12300,12300,"Augusta-Waterville, ME Micro Area",122151,122154,122076,121776,121583,121140,121236,121005,121470,121929,122083
310M400US12380,12380,"Austin, MN Micro Area",39163,39163,39206,39341,39393,39325,39413,39420,39469,39699,40011
310M400US12460,12460,"Bainbridge, GA Micro Area",27842,27842,27814,27649,27446,27398,27178,27055,26683,26674,26575
310M400US12660,12660,"Baraboo, WI Micro Area",61976,61965,62061,62241,62385,62797,62975,63264,63572,63918,64249
310M400US12680,12680,"Bardstown, KY Micro Area",43437,43443,43631,44066,44414,44552,44866,45115,45495,45612,45851
310M400US12740,12740,"Barre, VT Micro Area",59534,59522,59569,59584,59405,59217,58960,58645,58356,58283,58140
310M400US12780,12780,"Bartlesville, OK Micro Area",50976,50977,51065,51359,51631,51653,52006,52106,52036,52016,51843
310M400US12820,12820,"Bastrop, LA Micro Area",27979,27979,27872,27478,27378,26940,26655,26309,25910,25687,25398
310M400US12860,12860,"Batavia, NY Micro Area",60079,59943,59940,59886,59682,59124,58740,58470,58022,57816,57511
310M400US12900,12900,"Batesville, AR Micro Area",36647,36641,36810,36881,36951,36883,37079,37034,37118,37409,37678
310M400US13060,13060,"Bay City, TX Micro Area",36702,36702,36708,36684,36553,36518,36501,36775,37076,36811,36552
310M400US13100,13100,"Beatrice, NE Micro Area",22311,22311,22269,21906,21651,21766,21555,21706,21608,21615,21493
310M400US13180,13180,"Beaver Dam, WI Micro Area",88759,88759,88738,88389,88181,87941,88090,87827,87364,87750,87847
310M400US13260,13260,"Bedford, IN Micro Area",46134,46129,46102,46135,46112,45893,45648,45567,45588,45625,45668
310M400US13300,13300,"Beeville, TX Micro Area",31861,31861,31863,32311,32483,32812,32846,32612,32809,32599,32587
310M400US13340,13340,"Bellefontaine, OH Micro Area",45858,45851,45746,45622,45409,45395,45475,45266,45156,45282,45358
310M400US13420,13420,"Bemidji, MN Micro Area",44442,44442,44572,45045,45140,45484,45635,45604,46016,46484,46847
310M400US13500,13500,"Bennettsville, SC Micro Area",28933,28935,28917,28549,28231,28054,28018,27574,26962,26702,26398
310M400US13540,13540,"Bennington, VT Micro Area",37125,37125,37083,36814,36614,36543,36173,36161,35921,35713,35631
310M400US13620,13620,"Berlin, NH-VT Micro Area",39361,39358,39287,38830,38207,38150,38937,38528,38130,37797,37839
310M400US13660,13660,"Big Rapids, MI Micro Area",42798,42798,42852,43445,43492,43258,43197,43026,43195,43358,43545
310M400US13700,13700,"Big Spring, TX Micro Area",36238,36238,36224,36254,36811,37489,37929,38661,38155,37558,37847
310M400US13720,13720,"Big Stone Gap, VA Micro Area",61313,61320,61445,61325,60749,60300,59388,58774,57981,57224,56503
310M400US13940,13940,"Blackfoot, ID Micro Area",45607,45605,45767,45894,45514,45431,45229,45066,45318,45904,46236
310M400US14140,14140,"Bluefield, WV-VA Micro Area",107342,107333,107464,107291,106690,105934,105148,104028,102721,100947,99986
310M400US14180,14180,"Blytheville, AR Micro Area",46480,46480,46394,46024,45550,44697,44250,43715,42879,42073,41239
310M400US14220,14220,"Bogalusa, LA Micro Area",47168,47140,47088,47123,46678,46413,46324,46368,46403,46609,46582
310M400US14300,14300,"Bonham, TX Micro Area",33915,33910,33919,33876,33597,33513,33598,33500,33919,34572,35286
310M400US14340,14340,"Boone, IA Micro Area",26306,26308,26274,26289,26141,26291,26296,26453,26426,26476,26346
310M400US14380,14380,"Boone, NC Micro Area",51079,51057,50967,51617,52059,52297,52397,53062,54095,55088,55945
310M400US14420,14420,"Borger, TX Micro Area",22150,22249,22212,22021,22021,21924,21921,21810,21562,21362,21198
310M400US14580,14580,"Bozeman, MT Micro Area",89513,89513,89651,91364,92565,94793,97508,100866,104738,108656,111876
310M400US14620,14620,"Bradford, PA Micro Area",43450,43459,43343,43128,43141,42806,42644,42406,41683,41329,40968
310M400US14660,14660,"Brainerd, MN Micro Area",91067,91077,91262,91048,91208,91476,91651,91918,92754,93651,94408
310M400US14700,14700,"Branson, MO Micro Area",83877,83885,84148,84772,84801,84923,85267,85518,86065,86783,87601
310M400US14720,14720,"Breckenridge, CO Micro Area",27994,27994,28077,28046,28307,28738,29330,30126,30676,31004,31007
310M400US14780,14780,"Brenham, TX Micro Area",33718,33695,33703,33955,33928,34201,34404,34833,34736,34897,35108
310M400US14820,14820,"Brevard, NC Micro Area",33090,33091,33087,32804,32833,32828,32954,33167,33406,33825,34215
310M400US15020,15020,"Brookhaven, MS Micro Area",34869,34870,34901,34870,34848,34728,34739,34524,34373,34320,34205
310M400US15060,15060,"Brookings, OR Micro Area",22364,22365,22378,22486,22257,22225,22140,22296,22611,22676,22813
310M400US15100,15100,"Brookings, SD Micro Area",31965,31962,31995,32133,32764,33011,33248,33796,34250,34668,35232
310M400US15140,15140,"Brownsville, TN Micro Area",18787,18807,18812,18537,18247,18211,18173,17985,17807,17596,17335
310M400US15220,15220,"Brownwood, TX Micro Area",38106,38106,38078,37998,37811,37673,37555,37749,38074,37870,37924
310M400US15340,15340,"Bucyrus, OH Micro Area",43784,43783,43754,43306,42774,42712,42406,42320,42090,41741,41550
310M400US15420,15420,"Burley, ID Micro Area",43021,43019,43162,43316,43426,43760,43866,43951,44148,44493,44689
310M400US15460,15460,"Burlington, IA-IL Micro Area",47656,47653,47584,47276,47268,47352,47103,46857,46474,46139,45847
310M400US15580,15580,"Butte-Silver Bow, MT Micro Area",34200,34209,34233,34405,34477,34580,34758,34691,34714,34915,34993
310M400US15620,15620,"Cadillac, MI Micro Area",47584,47586,47557,47541,47527,47537,47830,47778,48111,48287,48579
310M400US15660,15660,"Calhoun, GA Micro Area",55186,55186,55222,55478,55651,55731,55815,56329,56933,57187,57685
310M400US15700,15700,"Cambridge, MD Micro Area",32618,32623,32688,32694,32473,32559,32495,32404,32261,32145,31998
310M400US15740,15740,"Cambridge, OH Micro Area",40087,40091,40142,39902,39871,39703,39689,39386,39201,39071,39022
310M400US15780,15780,"Camden, AR Micro Area",31488,31496,31409,30980,30679,30145,29931,29522,29157,29048,28883
310M400US15820,15820,"Campbellsville, KY Micro Area",24512,24500,24664,24985,25071,25162,25362,25583,25442,25562,25549
310M400US15860,15860,"Cañon City, CO Micro Area",46824,46824,46835,47379,47060,46310,46133,46267,46982,47607,48021
310M400US15900,15900,"Canton, IL Micro Area",37069,37069,37074,36907,36585,36322,35990,35707,35455,35095,34844
310M400US16100,16100,"Carlsbad-Artesia, NM Micro Area",53829,53823,53901,54056,54416,55668,56690,57724,57667,57205,57900
310M400US16140,16140,"Carroll, IA Micro Area",20816,20816,20823,20857,20655,20542,20498,20419,20377,20273,20154
310M400US16260,16260,"Cedar City, UT Micro Area",46163,46163,46263,46615,46644,46527,47045,48120,49692,50822,52775
310M400US16340,16340,"Cedartown, GA Micro Area",41475,41479,41530,41262,41086,40959,40866,41233,41625,41910,42470
310M400US16380,16380,"Celina, OH Micro Area",40814,40814,40786,40708,40700,40614,40730,40720,40713,40910,40959
310M400US16420,16420,"Central City, KY Micro Area",31499,31499,31658,31530,31390,31330,31308,31249,31151,30923,30774
310M400US16460,16460,"Centralia, IL Micro Area",39437,39437,39419,39140,39009,38672,38558,38366,38055,37821,37620
310M400US16500,16500,"Centralia, WA Micro Area",75455,75457,75505,75660,75435,74967,74858,75419,76622,78230,79604
310M400US16660,16660,"Charleston-Mattoon, IL Micro Area",64921,64921,64921,64699,64263,63957,63446,63020,62635,62212,61693
310M400US17060,17060,"Chillicothe, OH Micro Area",78064,78078,78102,77573,77339,77276,77093,77050,76862,77320,76931
310M400US17200,17200,"Claremont-Lebanon, NH-VT Micro Area",218466,218478,218437,218401,217912,217806,217694,216995,217326,217272,217215
310M400US17220,17220,"Clarksburg, WV Micro Area",94196,94197,94346,94484,94371,94452,94251,94168,93879,93362,92822
310M400US17260,17260,"Clarksdale, MS Micro Area",26151,26145,26106,25850,25617,25183,24843,24509,23843,23185,22628
310M400US17340,17340,"Clearlake, CA Micro Area",64665,64664,64735,64247,63963,63809,64058,64254,63884,64162,64382
310M400US17380,17380,"Cleveland, MS Micro Area",34145,34153,34105,33804,33997,33986,33822,33279,32631,31895,31333
310M400US17500,17500,"Clewiston, FL Micro Area",39140,39143,39013,38977,37887,37831,38508,39325,40103,41144,41556
310M400US17540,17540,"Clinton, IA Micro Area",49116,49117,49097,49093,48698,48279,47894,47550,47228,46902,46518
310M400US17580,17580,"Clovis, NM Micro Area",48376,48376,48963,49806,50799,50775,51115,50299,50303,49842,49437
310M400US17620,17620,"Coamo, PR Micro Area",40512,40512,40576,40569,40467,40411,40158,39879,39483,38959,37845
310M400US17640,17640,"Coco, PR Micro Area",31078,31078,31042,30761,30410,30177,29739,29293,28807,28244,27083
310M400US17700,17700,"Coffeyville, KS Micro Area",35471,35468,35353,34781,34475,34449,34095,33426,32820,32388,32120
310M400US17740,17740,"Coldwater, MI Micro Area",45248,45248,45180,43923,43795,43587,43731,43653,43490,43423,43622
310M400US18060,18060,"Columbus, MS Micro Area",59779,59779,59796,59613,59606,59811,59813,59695,59558,59189,58930
310M400US18100,18100,"Columbus, NE Micro Area",32237,32237,32305,32513,32674,32603,32752,32890,33028,33282,33363
310M400US18180,18180,"Concord, NH Micro Area",146445,146457,146394,146858,147106,147511,148141,148670,149150,150169,151132
310M400US18220,18220,"Connersville, IN Micro Area",24277,24301,24326,24150,23949,23829,23444,23393,23257,23153,23047
310M400US18260,18260,"Cookeville, TN Micro Area",106042,106061,106270,106730,107186,107618,108411,108659,109524,111033,112669
310M400US18300,18300,"Coos Bay, OR Micro Area",63043,63054,63011,62775,62678,62380,62367,62654,63347,63781,64389
310M400US18380,18380,"Cordele, GA Micro Area",23439,23430,23429,23750,23587,23294,23063,22949,22893,22723,22601
310M400US18420,18420,"Corinth, MS Micro Area",37057,37060,37106,37275,37203,37278,37250,37273,37249,37203,36925
310M400US18460,18460,"Cornelia, GA Micro Area",43041,43036,43064,43045,43393,43177,43583,43804,44123,44547,45388
310M400US18500,18500,"Corning, NY Micro Area",98990,98990,99012,99145,98926,98845,98173,97524,96895,96249,95796
310M400US18620,18620,"Corsicana, TX Micro Area",47735,47840,47872,48077,48177,48060,47947,48209,48417,48779,49565
310M400US18660,18660,"Cortland, NY Micro Area",49336,49294,49283,49378,49027,48907,48743,48296,47919,47836,47823
310M400US18740,18740,"Coshocton, OH Micro Area",36901,36898,36936,36926,36820,36722,36529,36578,36616,36516,36629
310M400US18780,18780,"Craig, CO Micro Area",13795,13791,13794,13421,13169,13124,12934,12938,13143,13095,13188
310M400US18820,18820,"Crawfordsville, IN Micro Area",38124,38121,38097,38332,38173,38135,38144,38242,38249,38397,38346
310M400US18860,18860,"Crescent City, CA Micro Area",28610,28610,28568,28442,28189,27817,27198,27246,27422,27428,27828
310M400US18900,18900,"Crossville, TN Micro Area",56053,56062,56197,56529,56900,57341,57851,58137,58506,59005,59673
310M400US18980,18980,"Cullman, AL Micro Area",80406,80406,80454,80401,80273,80688,81067,81764,82456,82836,83442
310M400US19000,19000,"Cullowhee, NC Micro Area",40271,40261,40357,40223,40617,40984,40907,41281,42573,43192,43327
310M400US19220,19220,"Danville, KY Micro Area",53174,53173,53389,53515,53427,54074,54239,54105,54309,54456,54744
310M400US19260,19260,"Danville, VA Micro Area",106561,106550,106513,105902,105605,105191,104645,103937,103351,102363,101642
310M400US19420,19420,"Dayton, TN Micro Area",31809,31800,31854,32076,32332,32491,32558,32372,32425,32742,33044
310M400US19540,19540,"Decatur, IN Micro Area",34387,34387,34451,34374,34408,34654,34768,34958,35192,35422,35636
310M400US19580,19580,"Defiance, OH Micro Area",39037,39030,39086,39003,38826,38565,38524,38328,38156,38224,38165
310M400US19620,19620,"Del Rio, TX Micro Area",48879,48879,48980,48980,48991,49069,48877,48951,49003,49096,49208
310M400US19700,19700,"Deming, NM Micro Area",25095,25095,25082,25105,24926,24607,24448,24382,24379,24148,23963
310M400US19760,19760,"DeRidder, LA Micro Area",35654,35654,35834,36090,36335,36267,36248,36530,36966,36847,37253
310M400US19860,19860,"Dickinson, ND Micro Area",24199,24199,24360,25185,26902,28319,30318,31869,30881,30317,30997
310M400US19940,19940,"Dixon, IL Micro Area",36031,36031,35976,35597,35207,35116,34904,34515,34482,34511,34223
310M400US19980,19980,"Dodge City, KS Micro Area",33848,33844,34009,34381,34679,34900,34958,34693,34594,34288,33888
310M400US20060,20060,"Douglas, GA Micro Area",42356,42354,42735,43004,43135,43092,42899,43000,42929,42885,43093
310M400US20140,20140,"Dublin, GA Micro Area",58414,58417,58383,57905,57866,57660,57406,57222,56966,57113,57033
310M400US20180,20180,"DuBois, PA Micro Area",81642,81616,81553,81430,81406,81435,81020,80717,80178,79775,79388
310M400US20300,20300,"Dumas, TX Micro Area",21904,21904,22007,22076,22438,22158,22006,21825,21810,21878,21485
310M400US20340,20340,"Duncan, OK Micro Area",45048,45048,45103,45117,44904,45006,44593,44607,44037,43411,43265
310M400US20380,20380,"Dunn, NC Micro Area",114678,114681,115742,119158,122197,125032,126704,128027,130631,132229,134214
310M400US20420,20420,"Durango, CO Micro Area",51334,51335,51343,51794,52369,53287,53788,54609,55258,55541,56310
310M400US20460,20460,"Durant, OK Micro Area",42416,42416,42583,43137,43451,44118,44495,45041,45607,46460,47192
310M400US20540,20540,"Dyersburg, TN Micro Area",38335,38330,38316,38110,38181,38090,37811,37775,37570,37403,37320
310M400US20580,20580,"Eagle Pass, TX Micro Area",54258,54258,54448,55292,55808,56593,57197,57806,58134,58227,58485
310M400US20660,20660,"Easton, MD Micro Area",37782,37777,37874,37941,37983,37898,37529,37414,37123,37020,36968
310M400US20780,20780,"Edwards, CO Micro Area",52197,52196,52104,52072,52366,52857,53323,53896,54579,54992,54993
310M400US20820,20820,"Effingham, IL Micro Area",34242,34246,34223,34265,34270,34215,34119,34209,34186,34147,34208
310M400US20900,20900,"El Campo, TX Micro Area",41280,41280,41281,41289,41149,41142,41124,41426,41668,41916,41619
310M400US20980,20980,"El Dorado, AR Micro Area",41639,41639,41573,41398,40862,40606,40140,40093,39883,39420,39126
310M400US21020,21020,"Elizabeth City, NC Micro Area",64094,64094,64119,63780,63967,63300,63255,63158,63241,63497,63771
310M400US21120,21120,"Elk City, OK Micro Area",22119,22119,22060,22306,23069,23469,23599,23561,22433,21804,21709
310M400US21180,21180,"Elkins, WV Micro Area",29405,29405,29363,29430,29390,29522,29374,29206,29028,28894,28823
310M400US21220,21220,"Elko, NV Micro Area",50805,50929,51075,51413,52971,54405,54545,53776,54059,54321,54463
310M400US21260,21260,"Ellensburg, WA Micro Area",40915,40909,40989,41549,41624,41830,42597,43092,44913,46157,47364
310M400US21380,21380,"Emporia, KS Micro Area",33690,33692,33649,33650,33557,33489,33154,33165,33425,33344,33406
310M400US21460,21460,"Enterprise, AL Micro Area",49948,49952,50205,50435,51136,50677,50655,50952,51145,51777,51909
310M400US21540,21540,"Escanaba, MI Micro Area",37069,37069,37049,36941,36835,36802,36581,36417,36200,35896,35857
310M400US21580,21580,"Española, NM Micro Area",40246,40220,40289,40246,40197,40069,39739,39364,39233,39191,39006
310M400US21640,21640,"Eufaula, AL-GA Micro Area",29970,29968,29843,29805,29582,29313,29047,28575,28145,27506,27160
310M400US21700,21700,"Eureka-Arcata-Fortuna, CA Micro Area",134623,134611,135000,135215,134560,134407,134514,135114,136314,136527,136373
310M400US21740,21740,"Evanston, WY Micro Area",21118,21121,21089,20893,20994,20953,20827,20770,20691,20456,20299
310M400US21840,21840,"Fairfield, IA Micro Area",16843,16840,16836,17092,17274,17629,17792,17916,18064,18233,18381
310M400US21860,21860,"Fairmont, MN Micro Area",20840,20843,20804,20619,20456,20419,20241,20034,19902,19858,19785
310M400US21900,21900,"Fairmont, WV Micro Area",56418,56418,56533,56670,56745,56710,56780,56744,56497,56369,56097
310M400US21980,21980,"Fallon, NV Micro Area",24877,24877,24819,24591,24243,23923,23819,23934,23869,23989,24440
310M400US22060,22060,"Faribault-Northfield, MN Micro Area",64142,64142,64242,64454,64436,64642,64997,65307,65825,66173,66523
310M400US22100,22100,"Farmington, MO Micro Area",65359,65367,65529,65574,65799,66102,65785,66228,66350,66653,66692
310M400US22260,22260,"Fergus Falls, MN Micro Area",57303,57303,57294,57278,57221,57498,57488,57544,57865,58251,58812
310M400US22280,22280,"Fernley, NV Micro Area",51980,51980,52043,51380,50969,51094,51339,51986,52726,53915,55808
310M400US22300,22300,"Findlay, OH Micro Area",74782,74789,74690,74904,75454,75576,75275,75635,75742,75869,75930
310M400US22340,22340,"Fitzgerald, GA Micro Area",17634,17637,17623,17566,17580,17429,17430,17334,17216,17001,16787
310M400US22580,22580,"Forest City, NC Micro Area",67810,67816,67737,67408,67214,66848,66567,66388,66311,66568,66826
310M400US22620,22620,"Forrest City, AR Micro Area",28258,28254,28195,27989,27993,27510,27096,26654,26344,25938,25439
310M400US22700,22700,"Fort Dodge, IA Micro Area",38013,38013,37884,37746,37325,37333,37070,37048,36746,36643,36277
310M400US22780,22780,"Fort Leonard Wood, MO Micro Area",52274,52274,52850,53264,53452,54062,53532,53169,52393,51846,52014
310M400US22800,22800,"Fort Madison-Keokuk, IA-IL-MO Micro Area",62105,62095,62075,61588,61331,60677,60266,59916,59401,58943,58741
310M400US22820,22820,"Fort Morgan, CO Micro Area",28159,28159,28243,28453,28257,28236,28120,28237,28143,28228,28558
310M400US22840,22840,"Fort Payne, AL Micro Area",71109,71116,71159,71352,70937,70911,70999,71112,71101,71404,71385
310M400US22860,22860,"Fort Polk South, LA Micro Area",52334,52334,52714,52238,54088,52787,52793,51415,51449,50519,48860
310M400US23140,23140,"Frankfort, IN Micro Area",33224,33219,33221,33032,32890,32773,32471,32381,32198,32207,32250
310M400US23180,23180,"Frankfort, KY Micro Area",70706,70730,70723,70874,71161,71234,71603,71987,72459,73022,73478
310M400US23240,23240,"Fredericksburg, TX Micro Area",24837,24836,24887,25053,25193,25385,25495,25954,26259,26530,26804
310M400US23300,23300,"Freeport, IL Micro Area",47711,47711,47607,47319,46886,46672,46267,45668,45497,44981,44753
310M400US23340,23340,"Fremont, NE Micro Area",36691,36685,36672,36927,36587,36498,36616,36560,36655,36794,36791
310M400US23380,23380,"Fremont, OH Micro Area",60944,60946,60886,60603,60463,60049,59827,59462,59297,59112,58799
310M400US23500,23500,"Gaffney, SC Micro Area",55342,55488,55535,55701,55822,56061,56358,56511,56683,56925,57078
310M400US23620,23620,"Gainesville, TX Micro Area",38437,38439,38474,38444,38722,38463,38771,39173,39355,39984,40574
310M400US23660,23660,"Galesburg, IL Micro Area",52919,52925,52913,52699,52297,52127,51944,51374,50938,50628,50112
310M400US23700,23700,"Gallup, NM Micro Area",71492,71485,71672,72328,72374,72674,72807,73461,73106,72574,72290
310M400US23780,23780,"Garden City, KS Micro Area",40753,40767,40955,41077,41098,41009,41087,41144,40865,40793,40554
310M400US23820,23820,"Gardnerville Ranchos, NV Micro Area",46997,46997,47034,46969,46911,46938,47382,47424,47848,48018,48467
310M400US23860,23860,"Georgetown, SC Micro Area",60158,60328,60347,60188,60258,60501,60850,61483,61604,61841,62249
310M400US23940,23940,"Gillette, WY Micro Area",46133,46133,46245,46543,47855,48038,48132,49269,48746,46251,46140
310M400US23980,23980,"Glasgow, KY Micro Area",52272,52275,52260,52389,52594,52903,53037,53480,53801,53894,54206
310M400US24060,24060,"Glenwood Springs, CO Micro Area",73537,73538,73252,73240,74087,74440,74927,75708,76814,77065,77720
310M400US24100,24100,"Gloversville, NY Micro Area",55531,55520,55462,55115,54853,54359,53945,53800,53604,53777,53591
310M400US24330,24330,"Grand Rapids, MN Micro Area",45058,45051,45030,45091,45139,45324,45321,45261,45164,45161,45108
310M400US24380,24380,"Grants, NM Micro Area",27213,27215,27320,27488,27414,27419,27158,27047,27043,26895,26746
310M400US24460,24460,"Great Bend, KS Micro Area",27674,27672,27674,27694,27526,27453,27345,27173,26896,26432,26111
310M400US24620,24620,"Greeneville, TN Micro Area",68831,68825,68833,69097,68698,68330,68467,68521,68511,68759,69087
310M400US24640,24640,"Greenfield Town, MA Micro Area",71372,71377,71366,71679,71678,71355,71295,70902,70728,70787,70963
310M400US24700,24700,"Greensburg, IN Micro Area",25740,25739,25798,25898,26041,26234,26414,26336,26562,26652,26794
310M400US24740,24740,"Greenville, MS Micro Area",51137,51135,51096,50449,50016,49662,49012,47965,47186,46202,45063
310M400US24820,24820,"Greenville, OH Micro Area",52959,52969,52965,52647,52511,52306,52182,51973,51614,51577,51323
310M400US24900,24900,"Greenwood, MS Micro Area",42914,42979,43020,42500,41200,41074,40949,40462,39981,39441,38830
310M400US24940,24940,"Greenwood, SC Micro Area",95078,95110,95098,94925,94983,94730,94476,94785,94913,95147,95282
310M400US24980,24980,"Grenada, MS Micro Area",21906,21905,21841,21609,21620,21539,21605,21452,21224,21056,21055
310M400US25100,25100,"Guymon, OK Micro Area",20640,20640,20813,21245,21556,22022,21733,21439,21121,20856,20455
310M400US25200,25200,"Hailey, ID Micro Area",27701,27700,27618,27330,27478,27701,27850,28015,28345,28712,29088
310M400US25300,25300,"Hannibal, MO Micro Area",38948,38948,38970,39048,38959,38924,39034,38861,38913,38835,38804
310M400US25460,25460,"Harrison, AR Micro Area",45233,45237,45198,45332,45379,45366,44981,44970,45120,45323,45285
310M400US25580,25580,"Hastings, NE Micro Area",31364,31367,31328,31204,31347,31534,31396,31569,31663,31774,31511
310M400US25700,25700,"Hays, KS Micro Area",28452,28452,28424,28762,29086,29030,28963,29002,28948,28769,28710
310M400US25720,25720,"Heber, UT Micro Area",23530,23525,23644,24408,25345,26589,27822,29147,30430,31975,33240
310M400US25740,25740,"Helena, MT Micro Area",74801,74798,74983,75637,76048,76688,77206,77802,78680,79786,80797
310M400US25760,25760,"Helena-West Helena, AR Micro Area",21757,21755,21676,21407,20740,20443,19960,19557,19062,18564,18029
310M400US25780,25780,"Henderson, NC Micro Area",45422,45419,45301,45297,45104,44505,44537,44480,44500,44312,44582
310M400US25820,25820,"Hereford, TX Micro Area",19372,19372,19465,19522,19381,19195,19139,18851,18894,18851,18760
310M400US25840,25840,"Hermiston-Pendleton, OR Micro Area",87062,87062,87306,88030,88241,88099,87818,87645,87903,88311,88888
310M400US25880,25880,"Hillsdale, MI Micro Area",46688,46686,46642,46589,46258,46125,45923,45872,45763,45843,45749
310M400US25900,25900,"Hilo, HI Micro Area",185079,185076,185358,187066,189164,191466,193736,195941,198126,199503,200983
310M400US26020,26020,"Hobbs, NM Micro Area",64727,64727,64599,65130,66382,68644,70211,71496,70254,69057,69611
310M400US26090,26090,"Holland, MI Micro Area",111408,111407,111528,111158,111499,112013,113357,114136,114995,116433,117327
310M400US26220,26220,"Hood River, OR Micro Area",22346,22346,22445,22442,22558,22594,22695,22955,23103,23476,23428
310M400US26260,26260,"Hope, AR Micro Area",31606,31613,31595,31494,31254,31204,30989,30607,30416,30209,30067
310M400US26340,26340,"Houghton, MI Micro Area",38784,38781,38899,38952,38908,38814,38642,38406,38571,38499,38332
310M400US26460,26460,"Hudson, NY Micro Area",63096,63057,63026,62512,62435,62160,61938,61453,60882,60408,59916
310M400US26500,26500,"Huntingdon, PA Micro Area",45913,46009,46003,46006,45941,45843,45737,45485,45343,45374,45168
310M400US26540,26540,"Huntington, IN Micro Area",37124,37123,37117,37164,36979,36779,36610,36514,36288,36239,36240
310M400US26660,26660,"Huntsville, TX Micro Area",82446,82536,82972,83091,82977,83860,84386,85405,86439,87093,87220
310M400US26700,26700,"Huron, SD Micro Area",17398,17399,17406,17704,17992,18202,18057,18120,18210,18602,18883
310M400US26740,26740,"Hutchinson, KS Micro Area",64511,64511,64548,64420,64199,64072,63699,63591,63184,62688,62342
310M400US26780,26780,"Hutchinson, MN Micro Area",36651,36645,36590,36340,35931,35900,35776,35824,35767,35883,35873
310M400US26860,26860,"Indiana, PA Micro Area",88880,88889,88865,88619,88220,88142,87423,86773,85200,84879,84501
310M400US26940,26940,"Indianola, MS Micro Area",29450,29383,28981,28517,28406,27907,27407,26879,26495,26146,25735
310M400US26960,26960,"Ionia, MI Micro Area",63905,63899,63842,63853,63879,63988,64231,64046,64164,64229,64210
310M400US27020,27020,"Iron Mountain, MI-WI Micro Area",30591,30591,30556,30446,30537,30398,30243,30001,29810,29784,29704
310M400US27160,27160,"Jackson, OH Micro Area",33225,33225,33254,33127,32874,32809,32770,32560,32521,32385,32384
310M400US27220,27220,"Jackson, WY-ID Micro Area",31464,31463,31448,31576,31751,32722,33220,33748,34313,34696,34721
310M400US27300,27300,"Jacksonville, IL Micro Area",40902,40900,40832,40707,40599,40210,39842,39776,39664,39177,38902
310M400US27380,27380,"Jacksonville, TX Micro Area",50845,50834,50944,51093,51292,51111,51219,51594,51926,52182,52592
310M400US27420,27420,"Jamestown, ND Micro Area",21100,21100,21137,21020,20974,21080,21118,21050,21077,21160,20917
310M400US27460,27460,"Jamestown-Dunkirk-Fredonia, NY Micro Area",134905,134907,134725,134198,133302,132848,131750,130634,129350,128609,127939
310M400US27540,27540,"Jasper, IN Micro Area",54734,54598,54635,54760,54706,54780,54797,54728,54819,54823,54975
310M400US27580,27580,"Jayuya, PR Micro Area",16642,16642,16641,16419,16163,15928,15660,15308,15015,14601,13947
310M400US27600,27600,"Jefferson, GA Micro Area",60485,60457,60695,60966,60840,61271,62103,63436,65100,67716,70422
310M400US27660,27660,"Jennings, LA Micro Area",31594,31592,31633,31590,31446,31297,31448,31431,31382,31491,31582
310M400US27700,27700,"Jesup, GA Micro Area",30099,30099,30075,30294,30323,29993,29893,29422,29953,29760,29808
310M400US27920,27920,"Junction City, KS Micro Area",34362,34354,35240,35290,37902,36802,36451,36660,35136,33633,32594
310M400US27940,27940,"Juneau, AK Micro Area",31275,31275,31386,32152,32378,32587,32476,32601,32400,32061,32113
310M400US28060,28060,"Kalispell, MT Micro Area",90928,90927,90867,91263,91595,92936,94577,95852,97785,100092,102106
310M400US28180,28180,"Kapaa, HI Micro Area",67091,67095,67213,67898,68691,69660,70324,71074,71575,71780,72133
310M400US28260,28260,"Kearney, NE Micro Area",52591,52588,52651,53366,54147,54487,54792,55171,55773,56015,56159
310M400US28300,28300,"Keene, NH Micro Area",77117,77122,77057,76927,76902,76714,76424,76261,75950,76185,76493
310M400US28340,28340,"Kendallville, IN Micro Area",47536,47540,47455,47298,47197,47253,47380,47531,47426,47384,47532
310M400US28380,28380,"Kennett, MO Micro Area",31953,31953,31945,32002,31837,31717,31296,30818,30518,30086,29423
310M400US28500,28500,"Kerrville, TX Micro Area",49625,49625,49622,49617,49701,49775,50334,50854,51384,51850,52405
310M400US28540,28540,"Ketchikan, AK Micro Area",13477,13519,13566,13665,13723,13716,13801,13706,13714,13882,13918
310M400US28580,28580,"Key West, FL Micro Area",73090,73090,73220,73963,74568,75834,76284,76696,76982,76636,75027
310M400US28620,28620,"Kill Devil Hills, NC Micro Area",38327,38327,38397,38492,38505,38914,39014,39569,39790,40298,40632
310M400US28780,28780,"Kingsville, TX Micro Area",32477,32474,32451,32471,32552,32469,32347,31927,31881,31574,31571
310M400US28820,28820,"Kinston, NC Micro Area",59495,59511,59492,59409,59115,58737,58261,57994,57263,56641,55976
310M400US28860,28860,"Kirksville, MO Micro Area",30038,30035,30064,30041,30058,30072,29909,29809,29656,29820,29938
310M400US28900,28900,"Klamath Falls, OR Micro Area",66380,66380,66318,66294,65900,65682,65277,65661,66168,66789,67653
310M400US29060,29060,"Laconia, NH Micro Area",60088,60073,60098,60327,60434,60236,60285,60347,60700,60845,61022
310M400US29260,29260,"La Grande, OR Micro Area",25748,25744,25732,25902,25798,25523,25633,25698,26064,26286,26461
310M400US29300,29300,"LaGrange, GA Micro Area",67044,67039,67052,67619,68278,68803,69282,69593,69924,70038,70034
310M400US29380,29380,"Lake City, FL Micro Area",67531,67526,67553,67309,67879,67415,67784,68197,69217,69825,70503
310M400US29500,29500,"Lamesa, TX Micro Area",13833,13833,13827,13746,13613,13219,13448,12990,12998,12766,12619
310M400US29660,29660,"Laramie, WY Micro Area",36299,36299,36465,36843,37360,37559,37622,37956,37903,38430,38601
310M400US29780,29780,"Las Vegas, NM Micro Area",29393,29379,29398,29354,29098,28829,28505,28233,28058,27782,27591
310M400US29860,29860,"Laurel, MS Micro Area",84823,84834,84814,84777,84981,85452,84936,85178,85043,84868,84889
310M400US29900,29900,"Laurinburg, NC Micro Area",36157,36160,36063,36272,36090,35915,35665,35330,35331,35172,34810
310M400US29980,29980,"Lawrenceburg, TN Micro Area",41869,41851,41964,42067,42074,41925,42211,42450,42963,43327,43734
310M400US30060,30060,"Lebanon, MO Micro Area",35571,35571,35676,35638,35453,35626,35504,35442,35422,35455,35713
310M400US30220,30220,"Levelland, TX Micro Area",22935,22927,22852,22929,23075,23414,23469,23317,23048,22995,22980
310M400US30260,30260,"Lewisburg, PA Micro Area",44947,44963,45000,45100,45159,44729,44965,45551,45514,44756,44785
310M400US30280,30280,"Lewisburg, TN Micro Area",30617,30608,30683,30842,30917,31076,31242,31543,31944,32934,33683
310M400US30380,30380,"Lewistown, PA Micro Area",46682,46679,46639,46743,46752,46629,46490,46433,46331,46334,46222
310M400US30420,30420,"Lexington, NE Micro Area",26370,26370,26354,26212,26067,26046,26002,25928,25790,25670,25705
310M400US30580,30580,"Liberal, KS Micro Area",22952,22950,22974,23140,23368,23335,23335,23270,22878,22199,21780
310M400US30660,30660,"Lincoln, IL Micro Area",30305,30305,30284,30269,30357,29821,29656,29270,29153,29015,28925
310M400US30820,30820,"Lock Haven, PA Micro Area",39238,39240,39250,39493,39715,39817,39471,39381,38996,38837,38684
310M400US30880,30880,"Logan, WV Micro Area",36743,36754,36722,36456,36313,35929,35248,34437,33669,33043,32607
310M400US30900,30900,"Logansport, IN Micro Area",38966,38966,38980,38909,38769,38590,38495,38114,37953,37905,37955
310M400US30940,30940,"London, KY Micro Area",126369,126370,126565,127095,126832,127250,127316,127537,127698,127912,128215
310M400US31060,31060,"Los Alamos, NM Micro Area",17950,17950,17994,18229,18238,17950,17807,17830,18239,18804,19101
310M400US31220,31220,"Ludington, MI Micro Area",28705,28691,28720,28641,28659,28667,28732,28741,28822,29023,29100
310M400US31260,31260,"Lufkin, TX Micro Area",86771,86771,86905,87295,87520,87333,87599,87874,87759,87711,87092
310M400US31300,31300,"Lumberton, NC Micro Area",134168,134229,134496,135176,135460,135140,134945,134461,133384,132590,131831
310M400US31380,31380,"Macomb, IL Micro Area",32612,32610,32628,32511,32550,32246,31792,31430,30875,30323,29955
310M400US31500,31500,"Madison, IN Micro Area",32428,32404,32401,32275,32442,32396,32403,32298,32230,32047,32208
310M400US31580,31580,"Madisonville, KY Micro Area",46920,46918,46840,46846,46621,46442,46177,46077,45628,45369,45068
310M400US31620,31620,"Magnolia, AR Micro Area",24552,24552,24725,24703,24407,24282,24046,24126,24049,23700,23537
310M400US31660,31660,"Malone, NY Micro Area",51599,51607,51652,51541,51789,51213,51102,50542,51077,50444,50293
310M400US31680,31680,"Malvern, AR Micro Area",32923,33011,33229,33136,33497,33516,33400,33480,33419,33600,33701
310M400US31820,31820,"Manitowoc, WI Micro Area",81442,81442,81329,81029,80723,80492,79959,79495,79365,79140,79074
310M400US31930,31930,"Marietta, OH Micro Area",61778,61781,61710,61593,61433,61355,61152,61007,60577,60462,60155
310M400US31940,31940,"Marinette, WI-MI Micro Area",65778,65778,65630,65272,65074,65008,64563,64119,63455,63297,63417
310M400US31980,31980,"Marion, IN Micro Area",70061,70063,69906,69614,69083,68850,68336,67486,66680,66282,65936
310M400US32000,32000,"Marion, NC Micro Area",44996,44996,45098,45051,45003,45031,45018,44976,44882,45164,45507
310M400US32020,32020,"Marion, OH Micro Area",66501,66501,66455,66587,66269,65959,65789,65382,65353,64941,65256
310M400US32100,32100,"Marquette, MI Micro Area",67077,67071,67078,67448,67827,67773,67773,67319,66520,66565,66516
310M400US32140,32140,"Marshall, MN Micro Area",25857,25857,25848,25825,25630,25720,25776,25837,26000,25953,25629
310M400US32180,32180,"Marshall, MO Micro Area",23370,23370,23420,23402,23542,23356,23398,23212,23080,22924,22895
310M400US32220,32220,"Marshall, TX Micro Area",65631,65644,65769,66345,66271,66288,66610,66710,66640,66540,66726
310M400US32260,32260,"Marshalltown, IA Micro Area",40648,40648,40722,41013,41037,41007,40735,40364,40129,40148,39981
310M400US32280,32280,"Martin, TN Micro Area",35021,35015,35042,34854,34547,34145,33990,33847,33580,33296,33415
310M400US32300,32300,"Martinsville, VA Micro Area",67972,67996,67892,67135,66594,66159,65547,65189,64631,64219,63855
310M400US32340,32340,"Maryville, MO Micro Area",23370,23370,23398,23426,23320,23148,22977,22609,22436,22408,22304
310M400US32380,32380,"Mason City, IA Micro Area",51749,51742,51679,51526,51193,51016,50763,50485,50558,50458,50100
310M400US32460,32460,"Mayfield, KY Micro Area",37121,37129,37240,37598,37561,37400,37575,37230,37175,37173,37317
310M400US32500,32500,"Maysville, KY Micro Area",17490,17490,17505,17548,17467,17331,17143,17066,17182,17225,17150
310M400US32540,32540,"McAlester, OK Micro Area",45837,45837,45783,45696,45521,45254,44835,44711,44341,44145,43877
310M400US32620,32620,"McComb, MS Micro Area",53535,53535,53578,53571,53026,52799,52555,52473,52064,52046,51889
310M400US32660,32660,"McMinnville, TN Micro Area",39839,39824,39860,39903,39745,39898,39991,40269,40443,40690,40878
310M400US32700,32700,"McPherson, KS Micro Area",29180,29181,29126,29149,29217,29412,28893,28634,28411,28673,28537
310M400US32740,32740,"Meadville, PA Micro Area",88765,88750,88613,88155,87719,87503,87151,86510,86306,85788,85063
310M400US32860,32860,"Menomonie, WI Micro Area",43857,43865,43887,43796,43804,44048,44076,44249,44337,44699,45131
310M400US32940,32940,"Meridian, MS Micro Area",107449,107445,107577,107617,107172,106947,105775,104481,103313,102272,100948
310M400US32980,32980,"Merrill, WI Micro Area",28743,28743,28777,28500,28499,28301,28104,27858,27821,27766,27689
310M400US33020,33020,"Mexico, MO Micro Area",25529,25529,25451,25529,25530,25544,25815,25937,25848,25600,25473
310M400US33060,33060,"Miami, OK Micro Area",31848,31848,31856,31856,32140,32130,31905,31845,31578,31325,31175
310M400US33180,33180,"Middlesborough, KY Micro Area",28691,28691,28709,28657,28296,28047,27847,27391,27231,26904,26569
310M400US33300,33300,"Milledgeville, GA Micro Area",55149,55241,55135,54567,55591,55135,54488,54121,53862,53466,53171
310M400US33420,33420,"Mineral Wells, TX Micro Area",28111,28122,28084,28051,27859,27876,28034,27966,28136,28575,28875
310M400US33500,33500,"Minot, ND Micro Area",69540,69537,70005,72195,73205,75911,77415,79239,77942,76751,75934
310M400US33580,33580,"Mitchell, SD Micro Area",22835,22836,22813,23091,23328,23343,23387,23297,23379,23259,23166
310M400US33620,33620,"Moberly, MO Micro Area",25414,25414,25454,25277,25327,24944,25045,25030,24956,24932,24763
310M400US33940,33940,"Montrose, CO Micro Area",41276,41277,41186,40972,40654,40555,40596,40576,41168,41785,42214
310M400US33980,33980,"Morehead City, NC Micro Area",66469,66463,66698,67405,67763,68384,68634,68711,68811,68919,69524
310M400US34020,34020,"Morgan City, LA Micro Area",54650,54650,54557,54190,53570,53590,53283,52881,52059,50672,49774
310M400US34140,34140,"Moscow, ID Micro Area",37244,37243,37254,37848,38089,38216,38513,38796,39038,39714,40134
310M400US34180,34180,"Moses Lake, WA Micro Area",89120,89124,89569,90611,91332,91749,92968,93670,94512,95821,97331
310M400US34220,34220,"Moultrie, GA Micro Area",45498,45499,45638,45782,46033,46150,45893,45509,45492,45543,45592
310M400US34260,34260,"Mountain Home, AR Micro Area",41513,41513,41511,41347,41082,40984,40884,41136,41139,41316,41619
310M400US34300,34300,"Mountain Home, ID Micro Area",27038,27040,27120,26217,26287,26265,26226,25796,26084,26800,27259
310M400US34340,34340,"Mount Airy, NC Micro Area",73673,73743,73769,73487,73292,72644,72492,71971,71964,72118,71948
310M400US34380,34380,"Mount Pleasant, MI Micro Area",70311,70313,70293,70611,70664,70225,70097,70782,71311,71125,70562
310M400US34420,34420,"Mount Pleasant, TX Micro Area",32334,32334,32421,32454,32627,32607,32530,32697,32583,32806,33033
310M400US34460,34460,"Mount Sterling, KY Micro Area",44396,44398,44533,44885,44985,45549,45801,46154,46367,46800,47037
310M400US34500,34500,"Mount Vernon, IL Micro Area",38827,38825,38759,38749,38658,38647,38377,38290,38247,38111,37820
310M400US34540,34540,"Mount Vernon, OH Micro Area",60921,60932,61095,61279,60764,60856,60996,60987,60897,61303,61893
310M400US34660,34660,"Murray, KY Micro Area",37191,37190,37347,37668,38054,38435,38465,38658,38759,38865,39135
310M400US34700,34700,"Muscatine, IA Micro Area",42745,42749,42749,42786,42863,42960,42982,43020,42925,42892,42929
310M400US34780,34780,"Muskogee, OK Micro Area",70990,70988,71118,70756,70542,70192,69743,69331,69026,68959,68362
310M400US34860,34860,"Nacogdoches, TX Micro Area",64524,64524,64686,65653,65869,65198,65248,65538,65693,65599,65711
310M400US35020,35020,"Natchez, MS-LA Micro Area",53119,53121,53416,53273,52691,52615,52551,51802,51536,51186,50764
310M400US35060,35060,"Natchitoches, LA Micro Area",39566,39569,39527,39380,39335,39114,39117,38996,39005,39038,38659
310M400US35140,35140,"Newberry, SC Micro Area",37508,37508,37610,37502,37537,37470,37669,37776,37947,38428,38520
310M400US35220,35220,"New Castle, IN Micro Area",49462,49466,49530,49212,49111,48847,48889,48661,48348,48247,48271
310M400US35260,35260,"New Castle, PA Micro Area",91108,91140,91003,90499,89867,89243,88631,88113,87332,86652,86184
310M400US35420,35420,"New Philadelphia-Dover, OH Micro Area",92582,92587,92551,92484,92418,92610,92668,92773,92600,92411,92176
310M400US35440,35440,"Newport, OR Micro Area",46034,46033,46000,45868,46162,46323,46348,47008,47839,48820,49388
310M400US35460,35460,"Newport, TN Micro Area",35662,35642,35639,35403,35455,35327,35205,35068,35150,35481,35774
310M400US35500,35500,"Newton, IA Micro Area",36842,36842,36813,36617,36574,36729,36882,36740,36703,36985,37147
310M400US35580,35580,"New Ulm, MN Micro Area",25893,25893,25843,25655,25412,25266,25271,25237,25262,25172,25111
310M400US35700,35700,"Nogales, AZ Micro Area",47420,47420,47420,47684,47396,46991,46703,46602,46468,46636,46511
310M400US35740,35740,"Norfolk, NE Micro Area",48271,48270,48365,48374,48365,48426,48400,48152,48149,48357,48504
310M400US35820,35820,"North Platte, NE Micro Area",37590,37590,37562,37359,37269,37243,36929,36791,36793,36570,36426
310M400US35860,35860,"North Vernon, IN Micro Area",28525,28529,28482,28152,28142,28225,27915,27829,27642,27638,27611
310M400US35900,35900,"North Wilkesboro, NC Micro Area",69340,69310,69270,68944,68916,68622,68432,68291,68554,68464,68557
310M400US35940,35940,"Norwalk, OH Micro Area",59626,59623,59561,59411,59199,58822,58610,58320,58391,58462,58504
310M400US36020,36020,"Oak Harbor, WA Micro Area",78506,78508,78690,78936,79035,78196,78698,80031,81708,83285,84460
310M400US36300,36300,"Ogdensburg-Massena, NY Micro Area",111944,111940,111811,112268,112357,111928,111437,110331,109411,108562,108047
310M400US36340,36340,"Oil City, PA Micro Area",54984,54992,54976,54682,54192,53817,53354,52956,52480,51823,51266
310M400US36380,36380,"Okeechobee, FL Micro Area",39996,39996,40028,39871,39718,39491,39581,39836,40716,41188,41537
310M400US36460,36460,"Olean, NY Micro Area",80317,80343,80230,79819,79354,79000,78685,77951,77708,77245,76840
310M400US36580,36580,"Oneonta, NY Micro Area",62259,62277,62258,61964,61746,61614,60951,60497,60119,59903,59749
310M400US36620,36620,"Ontario, OR-ID Micro Area",53936,53938,53987,53514,53440,53197,53119,53030,53268,53668,54276
310M400US36660,36660,"Opelousas, LA Micro Area",83384,83384,83489,83432,83459,83410,83674,83628,83731,83447,82764
310M400US36700,36700,"Orangeburg, SC Micro Area",92501,92509,92320,91685,91455,90667,90041,89170,88451,87673,86934
310M400US36820,36820,"Oskaloosa, IA Micro Area",22381,22382,22408,22498,22399,22422,22365,22308,22172,22197,22000
310M400US36830,36830,"Othello, WA Micro Area",18728,18728,18789,18879,18952,19115,19200,19244,19378,19681,19759
310M400US36840,36840,"Ottawa, KS Micro Area",25992,25996,25984,25850,25821,25730,25528,25469,25530,25657,25631
310M400US36860,36860,"Ottawa-Peru, IL Micro Area",154908,154901,154787,154119,153168,152395,151362,150241,149308,148567,148163
310M400US36900,36900,"Ottumwa, IA Micro Area",44378,44377,44457,44250,44135,44276,44185,44281,44214,44098,44222
310M400US36940,36940,"Owatonna, MN Micro Area",36576,36581,36496,36562,36307,36361,36481,36610,36662,36824,36803
310M400US37020,37020,"Owosso, MI Micro Area",70648,70663,70628,69984,69319,68895,68799,68485,68531,68459,68192
310M400US37060,37060,"Oxford, MS Micro Area",47351,47359,47567,48395,50222,51563,52030,52743,53492,54237,54793
310M400US37080,37080,"Oxford, NC Micro Area",59916,57531,57665,57489,57550,57759,57999,58182,58699,59374,60115
310M400US37120,37120,"Ozark, AL Micro Area",50251,50249,50390,50112,50284,49772,49417,49349,49301,49254,48956
310M400US37140,37140,"Paducah, KY-IL Micro Area",98762,98757,98700,98876,98415,97807,97622,97051,97018,96994,96647
310M400US37220,37220,"Pahrump, NV Micro Area",43946,43945,43844,43972,43588,42876,42851,42988,43289,44051,45346
310M400US37260,37260,"Palatka, FL Micro Area",74364,74368,74207,73639,72912,72362,71968,71935,72378,73385,74163
310M400US37300,37300,"Palestine, TX Micro Area",58458,58459,58497,58394,58065,57977,57849,57646,57550,58212,58057
310M400US37420,37420,"Pampa, TX Micro Area",22535,22537,22469,22657,22919,22995,23435,23251,22721,22121,21895
310M400US37500,37500,"Paragould, AR Micro Area",42090,42090,42200,42757,43226,43160,43787,44298,44730,44977,45325
310M400US37540,37540,"Paris, TN Micro Area",32330,32349,32396,32405,32370,32230,32239,32134,32245,32420,32358
310M400US37580,37580,"Paris, TX Micro Area",49793,49789,49819,49854,49657,49095,49417,49380,49536,49597,49728
310M400US37660,37660,"Parsons, KS Micro Area",21607,21606,21534,21374,21163,20872,20774,20630,20313,20152,19964
310M400US37740,37740,"Payson, AZ Micro Area",53597,53594,53571,53444,53003,53022,53070,53006,53404,53629,53889
310M400US37780,37780,"Pecos, TX Micro Area",13783,13783,13836,13812,13987,14218,14557,14955,15122,15295,15695
310M400US37800,37800,"Pella, IA Micro Area",33309,33307,33224,33267,33272,33012,33270,33111,33143,33105,33407
310M400US37940,37940,"Peru, IN Micro Area",36903,36905,36810,36645,36534,36165,36071,36001,36041,35827,35567
310M400US38100,38100,"Picayune, MS Micro Area",55834,55752,55705,55448,55007,54844,55134,54947,55037,55239,55387
310M400US38180,38180,"Pierre, SD Micro Area",21361,21356,21420,21659,21836,21840,22009,21928,22018,22073,22064
310M400US38240,38240,"Pinehurst-Southern Pines, NC Micro Area",88247,88242,88587,89247,90186,91369,92825,94014,95392,97232,98682
310M400US38260,38260,"Pittsburg, KS Micro Area",39134,39135,39172,39197,39321,39246,39263,39151,39078,39031,39019
310M400US38380,38380,"Plainview, TX Micro Area",36273,36206,36270,36383,36257,35682,34463,34066,34163,34044,33830
310M400US38420,38420,"Platteville, WI Micro Area",51208,51205,51233,51172,50867,50992,51681,52085,52014,51806,51554
310M400US38460,38460,"Plattsburgh, NY Micro Area",82128,82131,82095,81716,81708,81516,81460,80723,80524,80567,80695
310M400US38500,38500,"Plymouth, IN Micro Area",47051,47050,46999,46935,46944,46919,46929,46740,46600,46460,46248
310M400US38580,38580,"Point Pleasant, WV-OH Micro Area",58258,58290,58441,58338,58097,57823,57610,57315,57087,56961,56697
310M400US38620,38620,"Ponca City, OK Micro Area",46562,46562,46433,45861,45703,45566,45487,45274,44957,44522,44161
310M400US38700,38700,"Pontiac, IL Micro Area",38950,38948,38856,38803,38510,37396,37040,36603,36100,36115,35761
310M400US38740,38740,"Poplar Bluff, MO Micro Area",42794,42794,42788,42988,42988,42965,42851,42816,42748,42609,42639
310M400US38780,38780,"Portales, NM Micro Area",19846,19840,20022,20432,20323,20028,19656,19140,19143,18905,18743
310M400US38820,38820,"Port Angeles, WA Micro Area",71404,71404,71509,71760,71771,72056,72477,73222,74285,75712,76737
310M400US38840,38840,"Port Clinton, OH Micro Area",41428,41433,41358,41317,41243,41037,40904,40754,40486,40632,40769
310M400US38920,38920,"Port Lavaca, TX Micro Area",21381,21382,21313,21358,21578,21735,21821,21906,21977,21770,21561
310M400US39020,39020,"Portsmouth, OH Micro Area",79499,79493,79502,79240,78622,78143,77321,76849,76315,75898,75502
310M400US39060,39060,"Pottsville, PA Micro Area",148289,148291,148285,147519,147120,146665,145391,144129,143521,142666,142067
310M400US39220,39220,"Price, UT Micro Area",21403,21403,21403,21303,21221,20901,20634,20385,20323,20168,20269
310M400US39260,39260,"Prineville, OR Micro Area",20978,20978,20885,20636,20606,20700,20957,21459,22313,23091,23867
310M400US39420,39420,"Pullman, WA Micro Area",44776,44778,44794,45048,46636,46793,46916,48128,48784,49344,49791
310M400US39500,39500,"Quincy, IL-MO Micro Area",77314,77306,77369,77419,77253,77111,77071,76998,76598,76058,75546
310M400US39700,39700,"Raymondville, TX Micro Area",22134,22136,22227,22171,22219,22043,21966,21902,21813,21574,21515
310M400US39780,39780,"Red Bluff, CA Micro Area",63463,63440,63565,63336,63227,62898,62788,63090,63352,63718,63916
310M400US39860,39860,"Red Wing, MN Micro Area",46183,46185,46214,46102,46146,46113,46021,46073,46252,46334,46403
310M400US39940,39940,"Rexburg, ID Micro Area",50778,50787,50818,51012,50629,50411,50719,50794,51876,52488,52472
310M400US39980,39980,"Richmond, IN Micro Area",68917,68996,68890,68628,68221,67783,67377,66965,66609,66178,65936
310M400US40080,40080,"Richmond-Berea, KY Micro Area",99972,99969,100550,101886,102479,102707,103928,105170,106437,107983,109118
310M400US40100,40100,"Rio Grande City, TX Micro Area",60968,60968,61147,61670,62019,62459,63059,63595,64025,64267,64525
310M400US40180,40180,"Riverton, WY Micro Area",40123,40123,40200,40511,41009,40908,40562,40228,40223,39834,39531
310M400US40260,40260,"Roanoke Rapids, NC Micro Area",76790,76733,76513,76025,75020,74048,73498,72716,71954,71195,70250
310M400US40300,40300,"Rochelle, IL Micro Area",53497,53497,53423,53070,52786,52279,51949,51573,51162,51032,50923
310M400US40460,40460,"Rockingham, NC Micro Area",46639,46647,46633,46647,46358,46133,45778,45435,45021,44825,44887
310M400US40540,40540,"Rock Springs, WY Micro Area",43806,43806,43574,43981,45005,45162,44957,44754,44275,43547,43051
310M400US40620,40620,"Rolla, MO Micro Area",45156,45156,45327,45276,45261,45037,44958,44806,44762,44686,44732
310M400US40700,40700,"Roseburg, OR Micro Area",107667,107684,107634,107219,106918,106605,106702,107191,108154,109284,110283
310M400US40740,40740,"Roswell, NM Micro Area",65645,65648,65727,65739,65800,66059,65880,65878,65697,65153,64689
310M400US40760,40760,"Ruidoso, NM Micro Area",20497,20495,20453,20409,20200,19981,19605,19365,19399,19483,19556
310M400US40780,40780,"Russellville, AR Micro Area",83939,83939,84258,84641,84451,84406,84885,85090,85377,85199,85535
310M400US40820,40820,"Ruston, LA Micro Area",46735,46740,46849,47054,47026,47235,47199,47437,47484,47465,47196
310M400US40860,40860,"Rutland, VT Micro Area",61642,61653,61578,61220,60791,60480,60031,59547,59113,59000,58672
310M400US40940,40940,"Safford, AZ Micro Area",37220,37219,37159,37134,37024,37454,38124,37873,37823,37501,38072
310M400US41220,41220,"St. Marys, GA Micro Area",50513,50512,50660,50297,51341,51403,51918,52470,52438,53067,53677
310M400US41260,41260,"St. Marys, PA Micro Area",31946,31946,31861,31795,31616,31461,31184,30892,30504,30290,30169
310M400US41400,41400,"Salem, OH Micro Area",107841,107852,107891,107408,106613,105953,105619,104734,103850,103149,102665
310M400US41460,41460,"Salina, KS Micro Area",61697,61700,61879,61841,61864,61805,61553,61390,60885,60363,60203
310M400US41760,41760,"Sandpoint, ID Micro Area",40877,40877,40908,40781,40347,40528,41289,41587,42333,43621,44727
310M400US41780,41780,"Sandusky, OH Micro Area",77079,77066,76985,76685,76429,76056,75814,75369,75023,74857,74615
310M400US41820,41820,"Sanford, NC Micro Area",57866,57858,57886,58539,59259,59785,59430,59440,59737,60567,61452
310M400US42180,42180,"Santa Isabel, PR Micro Area",23274,23274,23290,23200,23093,23006,22759,22515,22223,21794,21037
310M400US42300,42300,"Sault Ste. Marie, MI Micro Area",38520,38669,38611,38877,38981,38560,38242,37980,37718,37714,37517
310M400US42380,42380,"Sayre, PA Micro Area",62622,62704,62736,63106,63002,62512,61955,61648,61098,60988,60833
310M400US42420,42420,"Scottsbluff, NE Micro Area",38971,38971,39059,38926,38909,38858,38426,38219,38388,38148,37906
310M400US42460,42460,"Scottsboro, AL Micro Area",53227,53224,53183,53209,53077,52958,52562,52218,52048,51907,51736
310M400US42620,42620,"Searcy, AR Micro Area",77076,77078,77348,78065,78629,78553,78459,78925,78967,78941,78727
310M400US42740,42740,"Sedalia, MO Micro Area",42201,42201,42263,42142,42297,42194,42198,42323,42289,42504,42542
310M400US42780,42780,"Selinsgrove, PA Micro Area",39702,39719,39707,39777,39878,40120,40232,40523,40452,40585,40540
310M400US42820,42820,"Selma, AL Micro Area",43820,43818,43860,43256,42795,41983,41562,40948,40092,39235,38310
310M400US42860,42860,"Seneca, SC Micro Area",74273,74275,74341,74237,74534,74924,75211,75888,76568,77437,78374
310M400US42900,42900,"Seneca Falls, NY Micro Area",35251,35243,35261,35314,35338,35227,34887,34814,34731,34327,34300
310M400US42940,42940,"Sevierville, TN Micro Area",89889,89719,89921,91101,92219,93314,94512,95386,96370,97277,97892
310M400US42980,42980,"Seymour, IN Micro Area",42376,42376,42586,42912,42984,43436,43703,43886,44004,43987,44111
310M400US43020,43020,"Shawano, WI Micro Area",46181,46187,46207,46034,45865,45790,45851,45587,45518,45524,45454
310M400US43060,43060,"Shawnee, OK Micro Area",69442,69443,69633,70045,70514,70907,71539,71495,72041,72248,72679
310M400US43140,43140,"Shelby, NC Micro Area",98078,98032,97919,97431,97314,96874,97018,96885,97017,97228,97645
310M400US43180,43180,"Shelbyville, TN Micro Area",45058,45057,45077,45240,45271,45613,46288,46922,47402,48138,49038
310M400US43220,43220,"Shelton, WA Micro Area",60699,60692,60735,60870,60681,60472,60615,61033,62179,63801,65507
310M400US43260,43260,"Sheridan, WY Micro Area",29116,29119,29144,29244,29518,29728,29848,29886,29963,30132,30233
310M400US43320,43320,"Show Low, AZ Micro Area",107449,107488,107696,107545,107314,107145,107724,107688,108523,109144,110445
310M400US43380,43380,"Sidney, OH Micro Area",49423,49418,49312,49216,49119,49163,48954,48980,48719,48703,48627
310M400US43460,43460,"Sikeston, MO Micro Area",39191,39188,39249,39133,39150,39195,38859,38999,38761,38566,38458
310M400US43500,43500,"Silver City, NM Micro Area",29514,29510,29381,29338,29245,29096,28863,28361,28043,27692,27346
310M400US43660,43660,"Snyder, TX Micro Area",16921,16919,16929,16861,17124,17276,17380,17566,17381,17004,16866
310M400US43700,43700,"Somerset, KY Micro Area",63063,63061,63190,63510,63523,63793,63862,63858,64025,64357,64623
310M400US43740,43740,"Somerset, PA Micro Area",77742,77737,77763,77275,77012,76588,76151,75396,74892,74356,73952
310M400US43760,43760,"Sonora, CA Micro Area",55365,55368,55191,54825,54218,54000,53828,53550,53704,54039,54539
310M400US43940,43940,"Spearfish, SD Micro Area",24097,24090,24205,24326,24400,24937,24729,24825,25271,25606,25741
310M400US43980,43980,"Spencer, IA Micro Area",16667,16667,16635,16595,16539,16440,16485,16497,16296,16153,16134
310M400US44020,44020,"Spirit Lake, IA Micro Area",16667,16667,16670,16858,16925,16878,16840,17005,17110,17173,17153
310M400US44260,44260,"Starkville, MS Micro Area",47671,47671,47737,47770,48835,49121,49081,49516,49532,49675,49599
310M400US44340,44340,"Statesboro, GA Micro Area",70217,70246,70562,72637,73112,71833,72671,73152,74708,76084,77296
310M400US44460,44460,"Steamboat Springs, CO Micro Area",23509,23506,23448,23264,23285,23612,24083,24422,24787,25346,25733
310M400US44500,44500,"Stephenville, TX Micro Area",37890,37900,37917,38927,39414,39899,40532,41195,41376,41862,42446
310M400US44540,44540,"Sterling, CO Micro Area",22709,22709,22033,21869,21661,21469,21748,21771,21733,21665,21528
310M400US44580,44580,"Sterling, IL Micro Area",58498,58494,58478,58272,57760,57462,57019,56914,56472,55947,55626
310M400US44620,44620,"Stevens Point, WI Micro Area",70019,70021,70025,70078,70414,70513,70521,70497,70425,70608,70942
310M400US44660,44660,"Stillwater, OK Micro Area",77350,77350,77399,78223,78724,79703,80531,81324,81799,81867,82040
310M400US44740,44740,"Storm Lake, IA Micro Area",20260,20265,20355,20311,20564,20663,20622,20381,20322,20102,19874
310M400US44780,44780,"Sturgis, MI Micro Area",61295,61295,61283,61057,60983,60985,61009,60805,60809,60819,61043
310M400US44860,44860,"Sulphur Springs, TX Micro Area",35161,35161,35206,35253,35310,35303,35696,35990,36212,36493,36810
310M400US44900,44900,"Summerville, GA Micro Area",26015,26017,25952,25675,25616,25040,24857,24895,24826,24716,24790
310M400US44920,44920,"Summit Park, UT Micro Area",36324,36324,36500,37418,37862,38421,39118,39647,40506,41349,41933
310M400US44980,44980,"Sunbury, PA Micro Area",94528,94483,94301,94395,94419,93896,93609,92890,92275,91767,91083
310M400US45000,45000,"Susanville, CA Micro Area",34895,34895,34832,34238,33624,32126,31710,31383,30906,31123,30802
310M400US45020,45020,"Sweetwater, TX Micro Area",15216,15215,15247,15145,14937,15072,15128,15100,15015,14837,14751
310M400US45140,45140,"Tahlequah, OK Micro Area",46987,46982,47106,47679,47972,47858,48237,48373,48787,48925,48675
310M400US45180,45180,"Talladega-Sylacauga, AL Micro Area",93830,94041,93882,93264,93425,92769,92488,91993,91294,90779,90543
310M400US45340,45340,"Taos, NM Micro Area",32937,32935,32896,32891,32766,32962,32971,32814,32960,32862,32835
310M400US45380,45380,"Taylorville, IL Micro Area",34800,34793,34764,34699,34516,34147,33810,33457,33214,33011,32661
310M400US45520,45520,"The Dalles, OR Micro Area",25213,25211,25285,25217,25375,25328,25275,25455,25776,26321,26505
310M400US45580,45580,"Thomaston, GA Micro Area",27153,27151,27056,26922,26566,26432,26173,26241,26255,26197,26215
310M400US45620,45620,"Thomasville, GA Micro Area",44720,44724,44750,44590,44535,44772,44759,44812,44968,44662,44448
310M400US45660,45660,"Tiffin, OH Micro Area",56745,56742,56619,56516,56102,55845,55802,55637,55447,55281,55207
310M400US45700,45700,"Tifton, GA Micro Area",40118,40132,40247,41152,40943,40175,40454,40536,40552,40438,40571
310M400US45740,45740,"Toccoa, GA Micro Area",26175,26173,26135,25764,25721,25568,25424,25472,25664,25785,26035
310M400US45860,45860,"Torrington, CT Micro Area",189927,189925,189806,189002,187609,186886,185398,184133,182801,181710,181111
310M400US45900,45900,"Traverse City, MI Micro Area",143372,143365,143343,144316,145005,146215,147291,147828,148295,148671,149914
310M400US45980,45980,"Troy, AL Micro Area",32899,32895,32963,33017,33210,33713,33197,33522,33521,33435,33338
310M400US46020,46020,"Truckee-Grass Valley, CA Micro Area",98764,98745,98785,98697,98140,97952,98589,98709,98964,99503,99696
310M400US46100,46100,"Tullahoma-Manchester, TN Micro Area",100210,100209,100062,100105,100128,100761,101090,101667,102176,102888,104001
310M400US46180,46180,"Tupelo, MS Micro Area",136268,136268,136355,137072,138398,139020,138955,139148,139708,140186,140552
310M400US46380,46380,"Ukiah, CA Micro Area",87841,87850,87800,87334,87304,87077,87257,87168,87382,87697,87606
310M400US46460,46460,"Union City, TN-KY Micro Area",38620,38620,38626,38411,37866,37402,37089,36843,36726,36607,36387
310M400US46500,46500,"Urbana, OH Micro Area",40097,40099,40077,39819,39568,39460,39074,38951,38719,38824,38754
310M400US46620,46620,"Uvalde, TX Micro Area",26405,26405,26443,26589,26752,26920,27046,26968,27088,27098,26846
310M400US46740,46740,"Valley, AL Micro Area",34215,34171,34122,34030,34104,34143,33980,34007,33771,33758,33615
310M400US46780,46780,"Van Wert, OH Micro Area",28744,28759,28677,28623,28635,28348,28332,28325,28177,28291,28281
310M400US46820,46820,"Vermillion, SD Micro Area",13864,13868,13828,13980,14063,13893,13881,13764,13917,14021,14041
310M400US46860,46860,"Vernal, UT Micro Area",32588,32588,32469,33241,34641,35683,36921,37783,36254,35219,35438
310M400US46900,46900,"Vernon, TX Micro Area",13535,13535,13511,13454,13293,13207,12991,13067,12904,12747,12820
310M400US46980,46980,"Vicksburg, MS Micro Area",58377,58368,58415,58095,57569,57434,57112,56721,56159,55805,55178
310M400US47080,47080,"Vidalia, GA Micro Area",36346,36351,36395,36235,36066,36154,36129,36114,36135,35964,36080
310M400US47180,47180,"Vincennes, IN Micro Area",38440,38440,38393,38470,37975,38055,37961,37763,37331,37094,36895
310M400US47240,47240,"Vineyard Haven, MA Micro Area",16535,16535,16572,16695,16829,17162,17299,17275,17316,17321,17352
310M400US47340,47340,"Wabash, IN Micro Area",32888,32888,32848,32563,32385,32270,32101,31859,31504,31410,31280
310M400US47420,47420,"Wahpeton, ND-MN Micro Area",22897,22897,22917,22837,22815,22787,22808,22642,22612,22599,22493
310M400US47540,47540,"Wapakoneta, OH Micro Area",45949,45949,45930,45767,45797,45828,45766,45761,45800,45791,45804
310M400US47620,47620,"Warren, PA Micro Area",41815,41811,41771,41501,41258,40953,40655,40327,40017,39677,39498
310M400US47660,47660,"Warrensburg, MO Micro Area",52595,52595,52716,53321,54150,54166,54035,53497,53501,53759,53652
310M400US47700,47700,"Warsaw, IN Micro Area",77358,77354,77341,77347,77605,77870,78382,78553,78742,79010,79344
310M400US47780,47780,"Washington, IN Micro Area",31648,31654,31720,31948,32117,32282,32681,32811,32972,33074,33147
310M400US47820,47820,"Washington, NC Micro Area",47759,47768,47807,47655,47418,47372,47328,47385,47370,47051,47079
310M400US47920,47920,"Washington Court House, OH Micro Area",29030,29035,29017,28865,28765,28683,28647,28598,28658,28655,28666
310M400US47980,47980,"Watertown, SD Micro Area",27227,27225,27212,27427,27621,27859,27949,27886,28031,28083,28015
310M400US48020,48020,"Watertown-Fort Atkinson, WI Micro Area",83686,83683,83719,83830,84351,84605,84369,84503,84485,84775,85129
310M400US48100,48100,"Wauchula, FL Micro Area",27731,27731,27724,27682,27444,27319,27281,27185,27229,27202,27245
310M400US48180,48180,"Waycross, GA Micro Area",55070,55067,55131,55052,54804,54766,54533,54456,54813,54947,55069
310M400US48220,48220,"Weatherford, OK Micro Area",27469,27469,27478,27701,28503,29223,29426,29482,29157,28942,29036
310M400US48460,48460,"West Plains, MO Micro Area",40400,40398,40564,40591,40545,40247,40131,40078,40140,40084,40076
310M400US48500,48500,"West Point, MS Micro Area",20634,20634,20547,20482,20385,20346,20138,20004,19853,19658,19386
310M400US48580,48580,"Whitewater-Elkhorn, WI Micro Area",102228,102228,102198,102638,102883,102803,103193,102513,102686,102956,103718
310M400US48780,48780,"Williston, ND Micro Area",22398,22399,22588,24402,26732,29589,32106,35288,34166,33395,35350
310M400US48820,48820,"Willmar, MN Micro Area",42239,42239,42237,42203,42377,42460,42492,42590,42636,42715,42855
310M400US48940,48940,"Wilmington, OH Micro Area",42040,42035,41911,41894,41804,41847,41787,41817,41853,41966,42057
310M400US48980,48980,"Wilson, NC Micro Area",81234,81218,81285,81135,81386,81186,81006,81281,81370,81567,81455
310M400US49080,49080,"Winnemucca, NV Micro Area",16528,16521,16583,16638,17072,17357,17219,17023,16792,16702,16786
310M400US49100,49100,"Winona, MN Micro Area",51461,51461,51434,51348,51339,51330,51057,50808,50840,50704,50825
310M400US49220,49220,"Wisconsin Rapids-Marshfield, WI Micro Area",74749,74749,74814,74648,74321,73922,73593,73364,73246,73112,73055
310M400US49260,49260,"Woodward, OK Micro Area",20081,20081,19995,20107,20669,21241,21536,21609,20970,20497,20222
310M400US49300,49300,"Wooster, OH Micro Area",114520,114516,114391,114637,115022,115397,115918,116240,116670,116247,115967
310M400US49380,49380,"Worthington, MN Micro Area",21378,21378,21426,21619,21733,21797,21701,21795,21963,21810,21924
310M400US49460,49460,"Yankton, SD Micro Area",22438,22438,22435,22497,22581,22640,22675,22684,22657,22699,22869
310M400US49780,49780,"Zanesville, OH Micro Area",86074,86086,86213,86236,85786,85640,85900,86174,85973,86148,86183
310M400US49820,49820,"Zapata, TX Micro Area",14018,14018,14087,14229,14285,14403,14404,14511,14456,14283,14190
